,Mapped by Name,,,,,,,
Main State Name,Main District Name,Neighbour - 1,Neighbour - 2,Neighbour - 3,Neighbour - 4,Neighbour - 5,Neighbour - 6,Neighbour - 7
Andhra Pradesh,Anantpur,Kurnool,Kadapa,Nellore,Chittoor,,,
Andhra Pradesh,Chittoor,Anantpur,Kadapa,Nellore,,,,
Andhra Pradesh,East Godavari,Visakhapatnam,West Godavari,,,,,
Andhra Pradesh,Guntur,Krishna,Prakasam,,,,,
Andhra Pradesh,Kadapa,Anantpur,Kurnool,Nellore,Chittoor,Prakasam,,
Andhra Pradesh,Krishna,Guntur,West Godavari,,,,,
Andhra Pradesh,Kurnool,Anantpur,Kurnool,Prakasam,,,,
Andhra Pradesh,Nellore,Kadapa,Chittoor,Prakasam,,,,
Andhra Pradesh,Prakasam,Nellore,Kadapa,Kurnool,Guntur,,,
Andhra Pradesh,Srikakulam,Vizianagaram,Kadapa,,,,,
Andhra Pradesh,Visakhapatnam,Vizianagaram,East Godavari,,,,,
Andhra Pradesh,Vizianagaram,Srikakulam,Visakhapatnam,,,,,
Andhra Pradesh,West Godavari,Krishna,East Godavari,,,,,
Arunachal Pradesh,Changlang,Tirap,Lohit,,,,,
Arunachal Pradesh,Upper Dibang Valley,Upper Siang,Lower Dibang Valley,,,,,
Arunachal Pradesh,East Kameng,Papumpare,West Kameng,Kurung Kumey,,,,
Arunachal Pradesh,East Siang,Upper Siang,West Siang,Lower Dibang Valley,,,,
Arunachal Pradesh,Lohit,Lower Dibang Valley,Anjaw,Changlang,,,,
Arunachal Pradesh,Lower Subansiri,West Siang,Upper Subansiri,Papumpare,Kurung Kumey,,,
Arunachal Pradesh,Papumpare,Lower Subansiri,Kurung Kumey,East Kameng,,,,
Arunachal Pradesh,Tawang,West Kameng,,,,,,
Arunachal Pradesh,Tirap,Changlang,,,,,,
Arunachal Pradesh,Upper Siang,East Siang,West Siang,Lower Dibang Valley,Upper Dibang Valley,,,
Arunachal Pradesh,Upper Subansiri,Lower Subansiri,West Siang,Kurung Kumey,,,,
Arunachal Pradesh,West Kameng,East Kameng,Tawang,,,,,
Arunachal Pradesh,West Siang,Upper Subansiri,Upper Siang,Lower Subansiri,East Siang,,,
Arunachal Pradesh,Anjaw,Lohit,Changlang,Lower Dibang Valley,,,,
Arunachal Pradesh,Lower Dibang Valley,East Siang,Lohit,Anjaw,Upper Dibang Valley,Upper Siang,,
Arunachal Pradesh,Kurung Kumey,Lower Subansiri,Papumpare,East Kameng,Upper Subansiri,,,
Assam,Cachar,Karimganj,Hailakandi,Dima Hasao,,,,
Assam,Karimganj,Hailakandi,Cachar,,,,,
Assam,Hailakandi,Karimganj,Cachar,,,,,
Assam,Dima Hasao,Cachar,Hojai,East Karbi Anglong,West Karbi Anglong,,,
Assam,Nagaon,East Karbi Anglong,West Karbi Anglong,Morigaon,Sonitpur,Darrang,Hojai,Biswanath
Assam,Morigaon,Nagaon,West Karbi Anglong,Sonitpur,Darrang,Udalguri,Kamrup Metropolitan,
Assam,West Karbi Anglong,Morigaon,Nagaon,Dima Hasao,Hojai,,,
Assam,East Karbi Anglong,Nagaon,Hojai,Golaghat,Dima Hasao,,,
Assam,Hojai,Nagaon,East Karbi Anglong,West Karbi Anglong,Dima Hasao,,,
Assam,Baksa,Barpeta,Udalguri,Darrang,Chirang,Bongaigaon,Nalbari,
Assam,Barpeta,Baksa,Nalbari,Kamrup Rural,Goalpara,Chirang,Bongaigaon,
Assam,Bongaigaon,Goalpara,Chirang,Baksa,Dhubri,Kokrajhar,Barpeta,
Assam,Chirang,Baksa,Bongaigaon,Barpeta,Kokrajhar,,,
Assam,Dhubri,Bongaigaon,Kokrajhar,Goalpara,South Salmara-Mankachar,,,
Assam,Goalpara,Bongaigaon,Dhubri,Barpeta,South Salmara-Mankachar,Kamrup Rural,,
Assam,Nalbari,Barpeta,Baksa,Kamrup Rural,,,,
Assam,Kamrup Metropolitan,Morigaon,Darrang,Kamrup Rural,,,,
Assam,Kamrup Rural,Nalbari,Barpeta,Goalpara,Kamrup Metropolitan,Darrang,Baksa,
Assam,Kokrajhar,Dhubri,Chirang,Bongaigaon,,,,
Assam,South Salmara-Mankachar,Dhubri,Goalpara,,,,,
Assam,Biswanath,Nagaon,Sonitpur,Golaghat,Lakhimpur,Majuli,,
Assam,Darrang,Kamrup Metropolitan,Morigaon,Sonitpur,Baksa,Udalguri,Kamrup Rural,
Assam,Sonitpur,Biswanath,Darrang,Morigaon,Udalguri,Nagaon,,
Assam,Udalguri,Darrang,Sonitpur,Baksa,,,,
Assam,Charaideo,Sivasagar,Dibrugarh,,,,,
Assam,Dhemaji,Lakhimpur,Dibrugarh,Tinsukia,,,,
Assam,Dibrugarh,Charaideo,Dhemaji,Lakhimpur,Sivasagar,Majuli,Tinsukia,
Assam,Golaghat,Biswanath,Jorhat,Majuli,Nagaon,East Karbi Anglong,,
Assam,Jorhat,Golaghat,Majuli,Sivasagar,,,,
Assam,Lakhimpur,Dhemaji,Majuli,Dibrugarh,Biswanath,,,
Assam,Majuli,Dibrugarh,Golaghat,Jorhat,Sivasagar,Lakhimpur,Biswanath,
Assam,Tinsukia,Dhemaji,Dibrugarh,,,,,
Assam,Sivasagar,Dibrugarh,Jorhat,Majuli,Charaideo,,,
Bihar,Araria,Kishanganj,Purnia (Purnea),Madhepura,Supaul,,,
Bihar,Arwal,Aurangabad,Jehanabad,Rohtas,Bhojpur,Patna,Gaya,
Bihar,Aurangabad,Arwal,Gaya,Rohtas,,,,
Bihar,Banka,Jamui,Bhagalpur,Munger (Monghyr),,,,
Bihar,Begusarai,Munger (Monghyr),Patna,Lakhisarai,Khagaria,Samastipur,,
Bihar,Bhagalpur,Banka,Munger (Monghyr),Khagaria,Madhepura,Purnia (Purnea),Katihar,
Bihar,Bhojpur,Arwal,Buxar,Patna,Saran,Rohtas,,
Bihar,Buxar,Bhojpur,Rohtas,Kaimur (Bhabua),,,,
Bihar,Darbhanga,Saharsa,Madhubani,Samastipur,Muzaffarpur,Sitamarhi,Khagaria,
Bihar,East Champaran (Motihari),Muzaffarpur,Sitamarhi,Sheohar,Gopalganj,West Champaran,,
Bihar,Gaya,Aurangabad,Arwal,Jehanabad,Nalanda,Nawada,,
Bihar,Gopalganj,East Champaran (Motihari),Saran,West Champaran,Siwan,Muzaffarpur,,
Bihar,Jamui,Banka,Munger (Monghyr),Lakhisarai,Sheikhpura,Nawada,,
Bihar,Jehanabad,Arwal,Gaya,Nalanda,Patna,,,
Bihar,Kaimur (Bhabua),Buxar,Rohtas,,,,,
Bihar,Katihar,Bhagalpur,Purnia (Purnea),,,,,
Bihar,Khagaria,Begusarai,Bhagalpur,Munger (Monghyr),Madhepura,Saharsa,Darbhanga,Samastipur
Bihar,Kishanganj,Araria,Purnia (Purnea),,,,,
Bihar,Lakhisarai,Begusarai,Jamui,Munger (Monghyr),Nalanda,Patna,Sheikhpura,
Bihar,Madhepura,Araria,Bhagalpur,Khagaria,Purnia (Purnea),Saharsa,Supaul,
Bihar,Madhubani,Darbhanga,Saharsa,Supaul,Sitamarhi,,,
Bihar,Munger (Monghyr),Banka,Begusarai,Bhagalpur,Jamui,Khagaria,Lakhisarai,
Bihar,Muzaffarpur,Darbhanga,East Champaran (Motihari),Samastipur,Vaishali,Saran,Sheohar,Gopalganj
Bihar,Nalanda,Gaya,Jehanabad,Lakhisarai,Nawada,Patna,Sheikhpura,
Bihar,Nawada,Gaya,Nalanda,Sheikhpura,Jamui,,,
Bihar,Patna,Arwal,Begusarai,Bhojpur,Jehanabad,Lakhisarai,Nalanda,Samastipur
Bihar,Purnia (Purnea),Araria,Kishanganj,Katihar,Bhagalpur,Madhepura,,
Bihar,Rohtas,Arwal,Aurangabad,Bhojpur,Buxar,Kaimur (Bhabua),,
Bihar,Saharsa,Darbhanga,Khagaria,Madhubani,Samastipur,Supaul,Madhepura,
Bihar,Samastipur,Begusarai,Darbhanga,Khagaria,Muzaffarpur,Patna,Saharsa,Vaishali
Bihar,Saran,Bhojpur,Gopalganj,Muzaffarpur,Patna,Siwan,Vaishali,
Bihar,Sheikhpura,Jamui,Lakhisarai,Nalanda,Nawada,,,
Bihar,Sheohar,East Champaran (Motihari),Muzaffarpur,Sitamarhi,,,,
Bihar,Sitamarhi,Darbhanga,East Champaran (Motihari),Madhubani,Sheohar,Muzaffarpur,,
Bihar,Siwan,Gopalganj,Saran,,,,,
Bihar,Supaul,Araria,Madhubani,Saharsa,Madhepura,,,
Bihar,Vaishali,Muzaffarpur,Patna,Samastipur,Saran,,,
Bihar,West Champaran,East Champaran (Motihari),Gopalganj,,,,,
Chhattisgarh,Balod,Dhamtari,Durg,Kanker,Rajnandgaon,,,
Chhattisgarh,Baloda Bazar,Bilaspur,Bemetara,Janjgir-Champa,Mahasamund,Mungeli,Raigarh,Raipur
Chhattisgarh,Balrampur,Jashpur,Surajpur,Surguja,,,,
Chhattisgarh,Bastar,Kondagaon,Dantewada,Narayanpur,Sukma,,,
Chhattisgarh,Bemetara,Baloda Bazar,Durg,Raipur,Rajnandgaon,Kabirdham,Mungeli,
Chhattisgarh,Bijapur,Dantewada,Sukma,Narayanpur,,,,
Chhattisgarh,Bilaspur,Baloda Bazar,Janjgir-Champa,Korba,Mungeli,Koriya,,
Chhattisgarh,Dantewada,Bastar,Bijapur,Narayanpur,Sukma,,,
Chhattisgarh,Dhamtari,Balod,Durg,Gariaband,Raipur,Kanker,Kondagaon,
Chhattisgarh,Durg,Balod,Bemetara,Dhamtari,Raipur,Rajnandgaon,,
Chhattisgarh,Gariaband,Dhamtari,Mahasamund,Raipur,,,,
Chhattisgarh,Janjgir-Champa,Baloda Bazar,Bilaspur,Korba,Raigarh,,,
Chhattisgarh,Jashpur,Balrampur,Raigarh,Surguja,,,,
Chhattisgarh,Kabirdham,Bemetara,Rajnandgaon,Mungeli,,,,
Chhattisgarh,Kanker,Balod,Dhamtari,Kondagaon,Narayanpur,Rajnandgaon,,
Chhattisgarh,Kondagaon,Bastar,Dhamtari,Kanker,Narayanpur,,,
Chhattisgarh,Korba,Bilaspur,Janjgir-Champa,Koriya,Raigarh,Surajpur,Surguja,
Chhattisgarh,Koriya,Bilaspur,Korba,Surajpur,,,,
Chhattisgarh,Mahasamund,Baloda Bazar,Gariaband,Raipur,Raigarh,,,
Chhattisgarh,Mungeli,Baloda Bazar,Bemetara,Bilaspur,Kabirdham,,,
Chhattisgarh,Narayanpur,Bastar,Bijapur,Dantewada,Kanker,Kondagaon,,
Chhattisgarh,Raigarh,Baloda Bazar,Janjgir-Champa,Jashpur,Korba,Mahasamund,Surguja,
Chhattisgarh,Raipur,Baloda Bazar,Bemetara,Durg,Gariaband,Mahasamund,Dhamtari,
Chhattisgarh,Rajnandgaon,Balod,Bemetara,Durg,Kabirdham,Kanker,,
Chhattisgarh,Sukma,Bastar,Bijapur,Dantewada,,,,
Chhattisgarh,Surajpur,Balrampur,Korba,Koriya,Surguja,,,
Chhattisgarh,Surguja,Balrampur,Jashpur,Korba,Surajpur,Raigarh,,
Goa,North Goa,South Goa,,,,,,
Goa,South Goa,North Goa,,,,,,
Gujarat,Ahmedabad,Anand,Gandhinagar,Kheda,Mehsana,Botad,Bhavnagar,Surendranagar
Gujarat,Amreli,Botad,Bhavnagar,Junagadh,Gir Somnath,Rajkot,,
Gujarat,Anand,Ahmedabad,Kheda,Vadodara,,,,
Gujarat,Aravalli,Kheda,Mahisagar,Gandhinagar,Sabarkantha,,,
Gujarat,Banaskantha,Kutch,Mehsana,Patan,Sabarkantha,,,
Gujarat,Bharuch,Vadodara,Surat,Narmada,,,,
Gujarat,Bhavnagar,Ahmedabad,Amreli,Botad,,,,
Gujarat,Botad,Ahmedabad,Amreli,Bhavnagar,Rajkot,Surendranagar,,
Gujarat,Chhota Udaipur,Dahod,Narmada,Panchmahal,Vadodara,,,
Gujarat,Dahod,Chhota Udaipur,Mahisagar,Panchmahal,,,,
Gujarat,Dang,Navsari,Tapi,,,,,
Gujarat,Devbhoomi Dwarka,Jamnagar,Porbandar,,,,,
Gujarat,Gandhinagar,Ahmedabad,Aravalli,Mehsana,Kheda,Sabarkantha,,
Gujarat,Gir Somnath,Amreli,Junagadh,,,,,
Gujarat,Jamnagar,Porbandar,Devbhoomi Dwarka,Rajkot,Morbi,Kutch,,
Gujarat,Junagadh,Amreli,Gir Somnath,Porbandar,Rajkot,,,
Gujarat,Kutch,Banaskantha,Morbi,Patan,Surendranagar,Jamnagar,,
Gujarat,Kheda,Ahmedabad,Anand,Aravalli,Gandhinagar,Panchmahal,Vadodara,Mahisagar
Gujarat,Mahisagar,Aravalli,Dahod,Kheda,Panchmahal,,,
Gujarat,Mehsana,Ahmedabad,Banaskantha,Gandhinagar,Patan,Sabarkantha,Surendranagar,
Gujarat,Morbi,Jamnagar,Kutch,Rajkot,Surendranagar,,,
Gujarat,Narmada,Bharuch,Chhota Udaipur,Vadodara,Tapi,Surat,,
Gujarat,Navsari,Dang,Tapi,Valsad,Surat,,,
Gujarat,Panchmahal,Chhota Udaipur,Dahod,Kheda,Mahisagar,Vadodara,,
Gujarat,Patan,Banaskantha,Kutch,Mehsana,Surendranagar,,,
Gujarat,Porbandar,Devbhoomi Dwarka,Jamnagar,Rajkot,Junagadh,,,
Gujarat,Rajkot,Amreli,Botad,Jamnagar,Morbi,Porbandar,Junagadh,Surendranagar
Gujarat,Sabarkantha,Aravalli,Banaskantha,Gandhinagar,Mehsana,,,
Gujarat,Surat,Bharuch,Narmada,Navsari,Tapi,,,
Gujarat,Surendranagar,Ahmedabad,Botad,Kutch,Mehsana,Morbi,Patan,Rajkot
Gujarat,Tapi,Dang,Narmada,Navsari,Surat,,,
Gujarat,Vadodara,Anand,Bharuch,Chhota Udaipur,Kheda,Narmada,Panchmahal,
Gujarat,Valsad,Navsari,,,,,,
Haryana,Ambala,Kurukshetra,Panchkula,Yamunanagar,,,,
Haryana,Bhiwani,Hisar,Jhajjar,Mahendragarh,Rewari,Rohtak,,
Haryana,Faridabad,Gurugram,Mewat,Palwal,,,,
Haryana,Fatehabad,Jind,Hisar,Sirsa,,,,
Haryana,Gurugram,Faridabad,Mewat,Jhajjar,Rewari,,,
Haryana,Hisar,Bhiwani,Fatehabad,Rohtak,Jind,,,
Haryana,Jhajjar,Bhiwani,Gurugram,Rewari,Rohtak,Sonipat,,
Haryana,Jind,Fatehabad,Hisar,Kaithal,Rohtak,Sonipat,Karnal,Panipat
Haryana,Kaithal,Jind,Karnal,Kurukshetra,,,,
Haryana,Karnal,Jind,Kaithal,Kurukshetra,Yamunanagar,Panipat,,
Haryana,Kurukshetra,Ambala,Kaithal,Karnal,Yamunanagar,,,
Haryana,Mewat,Faridabad,Gurugram,Palwal,,,,
Haryana,Mahendragarh,Bhiwani,Rewari,,,,,
Haryana,Palwal,Faridabad,Mewat,,,,,
Haryana,Panchkula,Ambala,,,,,,
Haryana,Panipat,Jind,Sonipat,Karnal,,,,
Haryana,Rewari,Bhiwani,Gurugram,Jhajjar,Mahendragarh,,,
Haryana,Rohtak,Bhiwani,Hisar,Jhajjar,Jind,Sonipat,,
Haryana,Sirsa,Fatehabad,,,,,,
Haryana,Sonipat,Jhajjar,Panipat,Rohtak,Jind,,,
Haryana,Yamunanagar,Ambala,Kurukshetra,Karnal,,,,
Himachal Pradesh,Bilaspur,Hamirpur,Mandi,Solan,Una,,,
Himachal Pradesh,Chamba,Kangra,Lahaul & Spiti,,,,,
Himachal Pradesh,Hamirpur,Bilaspur,Kangra,Mandi,Una,,,
Himachal Pradesh,Kangra,Chamba,Hamirpur,Una,Lahaul & Spiti,Mandi,Kullu,
Himachal Pradesh,Kinnaur,Shimla,Kullu,Lahaul & Spiti,,,,
Himachal Pradesh,Kullu,Kangra,Kinnaur,Mandi,Lahaul & Spiti,Shimla,,
Himachal Pradesh,Lahaul & Spiti,Chamba,Kangra,Kinnaur,Kullu,,,
Himachal Pradesh,Mandi,Bilaspur,Hamirpur,Kangra,Kullu,Shimla,Solan,
Himachal Pradesh,Shimla,Kinnaur,Kullu,Mandi,Solan,Sirmaur,,
Himachal Pradesh,Sirmaur,Shimla,Solan,,,,,
Himachal Pradesh,Solan,Bilaspur,Mandi,Sirmaur,Shimla,,,
Himachal Pradesh,Una,Bilaspur,Hamirpur,Kangra,,,,
Jammu and Kashmir,Kathua,Samba,Udhampur,Doda,,,,
Jammu and Kashmir,Jammu,Samba,Udhampur,Reasi,Rajouri,Mirpur,,
Jammu and Kashmir,Samba,Kathua,Jammu,Udhampur,,,,
Jammu and Kashmir,Udhampur,Kathua,Jammu,Samba,Reasi,Ramban,Doda,
Jammu and Kashmir,Reasi,Udhampur,Jammu,Rajouri,Ramban,Poonch,Kulgam,
Jammu and Kashmir,Rajouri,Reasi,Jammu,Poonch,Kulgam,Mirpur,,
Jammu and Kashmir,Poonch,Reasi,Rajouri,Kulgam,Shopian,Budgam,Baramulla,Mirpur
Jammu and Kashmir,Doda,Kathua,Udhampur,Ramban,Kishtwar,Anantnag,,
Jammu and Kashmir,Ramban,Udhampur,Reasi,Doda,Kulgam,Anantnag,,
Jammu and Kashmir,Kishtwar,Anantnag,Kargil,Doda,,,,
Jammu and Kashmir,Anantnag,Ramban,Kishtwar,Doda,Kulgam,Pulwama,Shopian,Srinagar
Jammu and Kashmir,Kulgam,Reasi,Rajouri,Poonch,Ramban,Pulwama,Shopian,Anantnag
Jammu and Kashmir,Pulwama,Anantnag,Shopian,Budgam,Srinagar,Kulgam,,
Jammu and Kashmir,Shopian,Poonch,Anantnag,Pulwama,Budgam,Kulgam,,
Jammu and Kashmir,Budgam,Poonch,Pulwama,Kulgam,Shopian,Srinagar,Baramulla,
Jammu and Kashmir,Srinagar,Anantnag,Pulwama,Budgam,Ganderbal,Baramulla,,
Jammu and Kashmir,Ganderbal,Anantnag,Srinagar,Bandipora,Baramulla,Kargil,,
Jammu and Kashmir,Bandipora,Ganderbal,Baramulla,Kupwara,Kargil,Ladakh (northern and eastern portions),Gilgit Wazarat,
Jammu and Kashmir,Baramulla,Poonch,Budgam,Srinagar,Ganderbal,Bandipora,Kupwara,Muzaffarabad
Jammu and Kashmir,Kupwara,Bandipora,Baramulla,Gilgit Wazarat,Muzaffarabad,,,
Jammu and Kashmir,Kargil,Kishtwar,Anantnag,Ganderbal,Bandipora,Leh,Ladakh (northern and eastern portions),
Jammu and Kashmir,Leh,Kargil,Ladakh (northern and eastern portions),,,,,
Jammu and Kashmir,Gilgit,Tribal territory,Chilas,Gilgit Wazarat,Ladakh (northern and eastern portions),,,
Jammu and Kashmir,Ladakh (northern and eastern portions),Gilgit,Bandipora,Kargil,Leh,Gilgit Wazarat,,
Jammu and Kashmir,Gilgit Wazarat,Ladakh (northern and eastern portions),Gilgit,Gilgit,Chilas,Muzaffarabad,Bandipora,Kupwara
Jammu and Kashmir,Chilas,Gilgit,Gilgit Wazarat,Tribal territory,Muzaffarabad,,,
Jammu and Kashmir,Tribal territory,Chilas,Gilgit,,,,,
Jammu and Kashmir,Muzaffarabad,Chilas,Gilgit Wazarat,Punch (western portion),Baramulla,Kupwara,,
Jammu and Kashmir,Punch (western portion),Muzaffarabad,Mirpur,Poonch,Baramulla,,,
Jammu and Kashmir,Mirpur,Punch (western portion),Jammu,Rajouri,,,,
Jharkhand,Bokaro,Dhanbad,Giridih,Hazaribagh,Ramgarh,,,
Jharkhand,Chatra,Latehar,Hazaribagh,Palamu,Ranchi,,,
Jharkhand,Deoghar,Giridih,Dumka,Jamtara,,,,
Jharkhand,Dhanbad,Bokaro,Jamtara,Giridih,,,,
Jharkhand,Dumka,Deoghar,Godda,Pakur,,,,
Jharkhand,East Singhbhum,Seraikela,,,,,,
Jharkhand,Garhwa,Palamu,Latehar,,,,,
Jharkhand,Giridih,Bokaro,Deoghar,Dhanbad,Hazaribagh,Jamtara,Koderma,
Jharkhand,Godda,Dumka,Pakur,Sahebganj,,,,
Jharkhand,Gumla,Simdega,Lohardaga,Latehar,Khunti,Ranchi,,
Jharkhand,Hazaribagh,Bokaro,Chatra,Giridih,Koderma,Ranchi,Ramgarh,
Jharkhand,Jamtara,Deoghar,Dhanbad,Giridih,Dumka,,,
Jharkhand,Khunti,Gumla,Seraikela,Simdega,Ranchi,West Singhbhum,,
Jharkhand,Koderma,Giridih,Hazaribagh,,,,,
Jharkhand,Latehar,Chatra,Garhwa,Gumla,Lohardaga,Ranchi,Palamu,
Jharkhand,Lohardaga,Gumla,Latehar,Ranchi,,,,
Jharkhand,Pakur,Sahebganj,Dumka,Godda,,,,
Jharkhand,Palamu,Garhwa,Latehar,Chatra,,,,
Jharkhand,Ramgarh,Bokaro,Hazaribagh,Ranchi,,,,
Jharkhand,Ranchi,Chatra,Gumla,Hazaribagh,Khunti,Latehar,Lohardaga,Ramgarh
Jharkhand,Sahebganj,Godda,Pakur,,,,,
Jharkhand,Seraikela,East Singhbhum,Khunti,Ranchi,West Singhbhum,,,
Jharkhand,Simdega,Gumla,Khunti,Seraikela,,,,
Jharkhand,West Singhbhum,Khunti,Seraikela,Simdega,,,,
Kerala,Alappuzha,Kollam,Kottayam,Ernakulam,Pathanamthitta,,,
Kerala,Ernakulam,Alappuzha,Idukki,Kottayam,Thrissur,,,
Kerala,Idukki,Ernakulam,Kottayam,Pathanamthitta,Thrissur,,,
Kerala,Kannur,Kasaragod,Kozhikode,Wayanad,,,,
Kerala,Kasaragod,Kannur,,,,,,
Kerala,Kollam,Alappuzha,Pathanamthitta,Thiruvananthapuram,,,,
Kerala,Kottayam,Alappuzha,Ernakulam,Idukki,Pathanamthitta,,,
Kerala,Kozhikode,Kannur,Wayanad,Malappuram,,,,
Kerala,Malappuram,Kozhikode,Wayanad,Thrissur,Palakkad,,,
Kerala,Palakkad,Malappuram,Thrissur,,,,,
Kerala,Pathanamthitta,Alappuzha,Idukki,Kollam,Kottayam,,,
Kerala,Thiruvananthapuram,Kollam,,,,,,
Kerala,Thrissur,Ernakulam,Idukki,Malappuram,Palakkad,,,
Kerala,Wayanad,Kannur,Kozhikode,Malappuram,,,,
Karnataka,Bagalkot,Belagavi,Gadag,Koppal,Raichur,Vijayapura,,
Karnataka,Ballari,Raichur,Koppal,Vijayanagara,,,,
Karnataka,Bangalore Rural,Chikballapur,Bengaluru,Kolar,Ramanagara,Tumakuru,,
Karnataka,Belagavi,Bagalkot,Dharwad,Gadag,Uttara Kannada,Vijayapura,,
Karnataka,Bengaluru,Bangalore Rural,Ramanagara,,,,,
Karnataka,Bidar,kalaburagi,,,,,,
Karnataka,Chamarajanagar,Mandya,Mysuru,Ramanagara,,,,
Karnataka,Chikballapur,Bangalore Rural,Kolar,Tumakuru,,,,
Karnataka,Chikkamagaluru,Hassan,Chitradurga,Dakshina Kannada,Davanagere,Shivamogga,Udupi,
Karnataka,Chitradurga,Chikkamagaluru,Davanagere,Vijayanagara,Tumakuru,,,
Karnataka,Dakshina Kannada,Chikkamagaluru,Hassan,Kodagu,Udupi,,,
Karnataka,Davanagere,Chikkamagaluru,Haveri,Chitradurga,Shivamogga,Vijayanagara,,
Karnataka,Dharwad,Belagavi,Haveri,Gadag,Uttara Kannada,,,
Karnataka,Gadag,Bagalkot,Belagavi,Dharwad,Haveri,Koppal,Vijayanagara,
Karnataka,Hassan,Dakshina Kannada,Chikkamagaluru,Kodagu,Mandya,Mysuru,Tumakuru,
Karnataka,Haveri,Davanagere,Gadag,Dharwad,Shivamogga,Uttara Kannada,Vijayanagara,
Karnataka,kalaburagi,Bidar,Yadgir,Vijayapura,,,,
Karnataka,Kodagu,Dakshina Kannada,Hassan,Mysuru,,,,
Karnataka,Kolar,Bangalore Rural,Chikballapur,,,,,
Karnataka,Koppal,Bagalkot,Ballari,Gadag,Raichur,Vijayanagara,,
Karnataka,Mandya,Chamarajanagar,Mysuru,Tumakuru,Hassan,Ramanagara,,
Karnataka,Mysuru,Chamarajanagar,Kodagu,Mandya,Hassan,,,
Karnataka,Raichur,Bagalkot,Ballari,Koppal,Yadgir,Vijayapura,,
Karnataka,Ramanagara,Bangalore Rural,Bengaluru,Chamarajanagar,Mandya,Tumakuru,,
Karnataka,Shivamogga,Chikkamagaluru,Davanagere,Haveri,Uttara Kannada,Udupi,,
Karnataka,Tumakuru,Bangalore Rural,Chikballapur,Mandya,Ramanagara,Chikkamagaluru,Chitradurga,Hassan
Karnataka,Udupi,Chikkamagaluru,Dakshina Kannada,Shivamogga,Uttara Kannada,,,
Karnataka,Uttara Kannada,Belagavi,Dharwad,Haveri,Shivamogga,Udupi,,
Karnataka,Vijayapura,Bagalkot,Belagavi,kalaburagi,Raichur,Yadgir,,
Karnataka,Yadgir,kalaburagi,Raichur,Vijayapura,,,,
Karnataka,Vijayanagara,Ballari,Davanagere,Gadag,Haveri,Koppal,Chitradurga,
Manipur,Bishnupur,Churachandpur,Kakching,Chandel,Imphal West,Senapati,,
Manipur,Chandel,Churachandpur,Kakching,Bishnupur,Tengnoupal,,,
Manipur,Churachandpur,Pherzawl,Chandel,Noney,Senapati,Bishnupur,,
Manipur,Imphal East,Imphal West,Kangpokpi,Thoubal,,,,
Manipur,Imphal West,Senapati,Bishnupur,Kangpokpi,Imphal East,Thoubal,Kakching,
Manipur,Jiribam,Tamenglong,Noney,Pherzawl,,,,
Manipur,Kakching,Imphal West,Bishnupur,Thoubal,Chandel,Tengnoupal,,
Manipur,Kamjong,Ukhrul,Tengnoupal,Kangpokpi,,,,
Manipur,Kangpokpi,Senapati,Ukhrul,Imphal East,Imphal West,Kamjong,Tengnoupal,Thoubal
Manipur,Noney,Tamenglong,Jiribam,Pherzawl,Churachandpur,Senapati,,
Manipur,Pherzawl,Jiribam,Noney,Churachandpur,,,,
Manipur,Senapati,Ukhrul,Tamenglong,Kangpokpi,Imphal West,Noney,Bishnupur,
Manipur,Tamenglong,Jiribam,Noney,Senapati,,,,
Manipur,Tengnoupal,Kamjong,Kakching,Thoubal,Chandel,,,
Manipur,Thoubal,Imphal West,Kakching,Imphal East,Kangpokpi,Tengnoupal,,
Manipur,Ukhrul,Kamjong,Senapati,Kangpokpi,,,,
Meghalaya,North Garo Hills,West Garo Hills,East Garo Hills,West Khasi Hills,,,,
Meghalaya,East Garo Hills,West Garo Hills,South Garo Hills,North Garo Hills,West Khasi Hills,,,
Meghalaya,South Garo Hills,East Garo Hills,West Garo Hills,West Khasi Hills,South West Khasi Hills,,,
Meghalaya,West Garo Hills,East Garo Hills,South Garo Hills,North Garo Hills,South West Garo Hills,,,
Meghalaya,South West Garo Hills,West Garo Hills,,,,,,
Meghalaya,West Jaintia Hills,East Jaintia Hills,East Khasi Hills,Ri-Bhoi,,,,
Meghalaya,East Jaintia Hills,West Jaintia Hills,,,,,,
Meghalaya,East Khasi Hills,West Khasi Hills,South West Khasi Hills,Ri-Bhoi,West Jaintia Hills,,,
Meghalaya,West Khasi Hills,North Garo Hills,East Garo Hills,South Garo Hills,South West Khasi Hills,East Khasi Hills,Ri-Bhoi,
Meghalaya,South West Khasi Hills,West Khasi Hills,East Khasi Hills,South Garo Hills,,,,
Meghalaya,Ri-Bhoi,West Khasi Hills,East Khasi Hills,West Jaintia Hills,,,,
Mizoram,Aizawl,Saitual,Mamit,Kolasib,Serchhip,Lunglei,,
Mizoram,Champhai,Saitual,Khawzawl,Serchhip,,,,
Mizoram,Hnahthial,Lunglei,Serchhip,,,,,
Mizoram,Khawzawl,Champhai,Saitual,Serchhip,,,,
Mizoram,Kolasib,Mamit,Aizawl,,,,,
Mizoram,Lawngtlai,Lunglei,Saiha,,,,,
Mizoram,Lunglei,Mamit,Lawngtlai,Aizawl,Serchhip,Hnahthial,,
Mizoram,Mamit,Kolasib,Aizawl,Lunglei,,,,
Mizoram,Saiha,Lunglei,Lawngtlai,,,,,
Mizoram,Saitual,Aizawl,Serchhip,Khawzawl,Champhai,,,
Mizoram,Serchhip,Aizawl,Saitual,Khawzawl,Champhai,Hnahthial,Lawngtlai,
Nagaland,Dimapur,Peren,Kohima,,,,,
Nagaland,Kiphire,Phek,Tuensang,Zunheboto,,,,
Nagaland,Kohima,Dimapur,Peren,Phek,Wokha,Zunheboto,,
Nagaland,Longleng,Mon,Mokokchung,Tuensang,,,,
Nagaland,Mokokchung,Longleng,Tuensang,Wokha,Zunheboto,,,
Nagaland,Mon,Longleng,Tuensang,,,,,
Nagaland,Peren,Dimapur,Kohima,,,,,
Nagaland,Phek,Kiphire,Zunheboto,Kohima,,,,
Nagaland,Tuensang,Mon,Longleng,Mokokchung,Zunheboto,Kiphire,,
Nagaland,Wokha,Mokokchung,Zunheboto,Kohima,,,,
Nagaland,Zunheboto,Mokokchung,Tuensang,Kiphire,Wokha,Kohima,Phek,
Odisha,Angul,Deogarh,Sambalpur,Kendujhar,Dhenkanal,Cuttack,Boudh,Sundargarh
Odisha,Balangir,Bargarh,Sonepur,Boudh,Kalahandi,Nuapada,,
Odisha,Balasore,Mayurbhanj,Kendujhar,Bhadrak,,,,
Odisha,Bargarh,Jharsuguda,Sambalpur,Sonepur,Balangir,Nuapada,Sundargarh,
Odisha,Bhadrak,Balasore,Jajpur,Kendujhar,Kendrapara,,,
Odisha,Boudh,Sonepur,Balangir,Kandhamal,Nayagarh,Angul,Sambalpur,Kalahandi
Odisha,Cuttack,Angul,Dhenkanal,Kendrapara,Jajpur,Nayagarh,Khordha,Jagatsinghpur
Odisha,Deogarh,Sambalpur,Sundargarh,Angul,,,,
Odisha,Dhenkanal,Angul,Kendujhar,Jajpur,Cuttack,,,
Odisha,Gajapati,Ganjam,Rayagada,,,,,
Odisha,Ganjam,Gajapati,Kandhamal,Nayagarh,Khordha,Puri,,
Odisha,Jagatsinghpur,Kendrapara,Cuttack,Puri,,,,
Odisha,Jajpur,Bhadrak,Kendujhar,Dhenkanal,Cuttack,Kendrapara,,
Odisha,Jharsuguda,Sundargarh,Sambalpur,Bargarh,,,,
Odisha,Kalahandi,Nabarangpur,Nuapada,Balangir,Kandhamal,Rayagada,Koraput,Boudh
Odisha,Kandhamal,Boudh,Nayagarh,Gajapati,Ganjam,Rayagada,Kalahandi,Balangir
Odisha,Kendrapara,Bhadrak,Jajpur,Cuttack,Jagatsinghpur,,,
Odisha,Kendujhar,Mayurbhanj,Sundargarh,Angul,Dhenkanal,Jajpur,Bhadrak,Balasore
Odisha,Khordha,Puri,Ganjam,Nayagarh,Cuttack,,,
Odisha,Koraput,Malkangiri,Nabarangpur,Kalahandi,Rayagada,,,
Odisha,Malkangiri,Koraput,,,,,,
Odisha,Mayurbhanj,Balasore,Kendujhar,,,,,
Odisha,Nabarangpur,Kalahandi,Rayagada,Koraput,,,,
Odisha,Nayagarh,Ganjam,Kandhamal,Boudh,Angul,Cuttack,Khordha,
Odisha,Nuapada,Bargarh,Balangir,Kalahandi,,,,
Odisha,Puri,Ganjam,Jagatsinghpur,Cuttack,Khordha,,,
Odisha,Rayagada,Koraput,Nabarangpur,Kalahandi,Kandhamal,Gajapati,,
Odisha,Sambalpur,Bargarh,Sundargarh,Sonepur,Jharsuguda,Deogarh,Angul,Boudh
Odisha,Sundargarh,Jharsuguda,Sambalpur,Deogarh,Angul,Kendujhar,Bargarh,
Odisha,Sonepur,Balangir,Bargarh,Sambalpur,Angul,Boudh,,
Punjab,Amritsar,Gurdaspur,Tarn Taran,Kapurthala,,,,
Punjab,Barnala,Ludhiana,Bhatinda,Moga,Mansa,Sangrur,,
Punjab,Bhatinda,Moga,Sri Muktsar Sahib,Faridkot,Barnala,Mansa,,
Punjab,Faridkot,Ferozepur,Moga,Sri Muktsar Sahib,Bhatinda,,,
Punjab,Fatehgarh Sahib,Ludhiana,Rupnagar,Sahibzada Ajit Singh Nagar,Patiala,Sangrur,,
Punjab,Fazilka,Ferozepur,Sri Muktsar Sahib,,,,,
Punjab,Ferozepur,Sri Muktsar Sahib,Fazilka,Faridkot,Moga,Ludhiana,Tarn Taran,Jalandhar
Punjab,Gurdaspur,Amritsar,Pathankot,Kapurthala,Hoshiarpur,,,
Punjab,Hoshiarpur,Gurdaspur,Kapurthala,Pathankot,Jalandhar,Shahid Bhagat Singh Nagar,Rupnagar,
Punjab,Jalandhar,Kapurthala,Hoshiarpur,Shahid Bhagat Singh Nagar,Ludhiana,Ferozepur,,
Punjab,Kapurthala,Ferozepur,Jalandhar,Tarn Taran,Amritsar,Gurdaspur,Hoshiarpur,
Punjab,Ludhiana,Jalandhar,Shahid Bhagat Singh Nagar,Ferozepur,Fatehgarh Sahib,Sangrur,Barnala,Moga
Punjab,Mansa,Bhatinda,Barnala,Sangrur,,,,
Punjab,Moga,Ferozepur,Faridkot,Jalandhar,Ludhiana,Barnala,Bhatinda,
Punjab,Pathankot,Gurdaspur,Hoshiarpur,,,,,
Punjab,Patiala,Sangrur,Sahibzada Ajit Singh Nagar,Fatehgarh Sahib,,,,
Punjab,Rupnagar,Fatehgarh Sahib,Sahibzada Ajit Singh Nagar,Ludhiana,Hoshiarpur,Shahid Bhagat Singh Nagar,,
Punjab,Sahibzada Ajit Singh Nagar,Fatehgarh Sahib,Patiala,Rupnagar,,,,
Punjab,Sangrur,Patiala,Fatehgarh Sahib,Ludhiana,Barnala,Mansa,,
Punjab,Shahid Bhagat Singh Nagar,Hoshiarpur,Jalandhar,Ludhiana,Rupnagar,,,
Punjab,Sri Muktsar Sahib,Fazilka,Ferozepur,Faridkot,Bhatinda,,,
Punjab,Tarn Taran,Amritsar,Kapurthala,Ferozepur,,,,
Sikkim,East Sikkim,South Sikkim,North Sikkim,,,,,
Sikkim,North Sikkim,South Sikkim,East Sikkim,West Sikkim,,,,
Sikkim,South Sikkim,West Sikkim,East Sikkim,North Sikkim,,,,
Sikkim,West Sikkim,South Sikkim,North Sikkim,,,,,
Tamil Nadu,Ariyalur,Cuddalore,Perambalur,Thanjavur,Tiruchirappalli,Mayiladuthurai,,
Tamil Nadu,Chengalpattu,Chennai,Kanchipuram,Tiruvannamalai,Viluppuram,,,
Tamil Nadu,Chennai,Chengalpattu,Kanchipuram,Tiruvallur,,,,
Tamil Nadu,Coimbatore,Nilgiris,Tirupur,Erode,,,,
Tamil Nadu,Cuddalore,Ariyalur,Mayiladuthurai,Kallakurichi,Viluppuram,Perambalur,,
Tamil Nadu,Dharmapuri,Tiruvannamalai,Krishnagiri,Kallakurichi,Salem,,,
Tamil Nadu,Dindigul,Tiruchirappalli,Karur,Tirupur,Theni,Madurai,,
Tamil Nadu,Erode,Salem,Nilgiris,Namakkal,Karur,Tirupur,Erode,
Tamil Nadu,Kallakurichi,Salem,Dharmapuri,Tiruvannamalai,Viluppuram,Cuddalore,Perambalur,
Tamil Nadu,Kanchipuram,Chennai,Chengalpattu,Tiruvannamalai,Tiruvallur,Ranipet,,
Tamil Nadu,Kanyakumari,Tirunelveli,,,,,,
Tamil Nadu,Karur,Erode,Namakkal,Tiruchirappalli,Dindigul,Tirupur,,
Tamil Nadu,Krishnagiri,Dharmapuri,Tirupattur,Tiruvannamalai,,,,
Tamil Nadu,Madurai,Dindigul,Tiruchirappalli,Sivaganga,Virudhunagar,Theni,,
Tamil Nadu,Mayiladuthurai,Cuddalore,Thanjavur,Tiruvarur,,,,
Tamil Nadu,Nagapattinam,Tiruvarur,,,,,,
Tamil Nadu,Namakkal,Karur,Erode,Tiruchirappalli,Salem,,,
Tamil Nadu,Nilgiris,Erode,Coimbatore,,,,,
Tamil Nadu,Perambalur,Kallakurichi,Cuddalore,Ariyalur,Tiruchirappalli,Salem,,
Tamil Nadu,Pudukkottai,Tiruchirappalli,Sivaganga,Thanjavur,Ramanathapuram,,,
Tamil Nadu,Ramanathapuram,Pudukkottai,Thoothukudi,Sivaganga,Virudhunagar,,,
Tamil Nadu,Ranipet,Kanchipuram,Vellore,Tiruvannamalai,Tiruvallur,,,
Tamil Nadu,Salem,Kallakurichi,Namakkal,Perambalur,Dharmapuri,Erode,Tiruchirappalli,
Tamil Nadu,Sivaganga,Madurai,Pudukkottai,Ramanathapuram,Tiruchirappalli,Virudhunagar,,
Tamil Nadu,Tenkasi,Virudhunagar,Tirunelveli,Thoothukudi,,,,
Tamil Nadu,Thanjavur,Mayiladuthurai,Pudukkottai,Ariyalur,Tiruvarur,Tiruchirappalli,,
Tamil Nadu,Theni,Madurai,Dindigul,Virudhunagar,,,,
Tamil Nadu,Thoothukudi,Ramanathapuram,Tenkasi,Tirunelveli,Virudhunagar,,,
Tamil Nadu,Tiruchirappalli,Karur,Madurai,Namakkal,Perambalur,Pudukkottai,Salem,Sivaganga
Tamil Nadu,Tirunelveli,Kanyakumari,Tenkasi,Thoothukudi,,,,
Tamil Nadu,Tirupattur,Krishnagiri,Vellore,Tiruvannamalai,,,,
Tamil Nadu,Tirupur,Erode,Karur,Coimbatore,Dindigul,,,
Tamil Nadu,Tiruvallur,Kanchipuram,Ranipet,Chennai,,,,
Tamil Nadu,Tiruvannamalai,Kallakurichi,Kanchipuram,Dharmapuri,Vellore,Tirupattur,Chengalpattu,Viluppuram
Tamil Nadu,Tiruvarur,Mayiladuthurai,Nagapattinam,Thanjavur,,,,
Tamil Nadu,Vellore,Ranipet,Tirupattur,Tiruvannamalai,,,,
Tamil Nadu,Viluppuram,Kallakurichi,Tiruvannamalai,Chengalpattu,Cuddalore,,,
Tamil Nadu,Virudhunagar,Madurai,Ramanathapuram,Sivaganga,Tenkasi,Theni,Thoothukudi,
Telangana,Adilabad,Nirmal,Komaram Bheem,,,,,
Telangana,Bhadradri,Khammam,Mahabubabad,Mulugu,,,,
Telangana,Hyderabad,Ranga Reddy,Medchal-Malkajgiri,,,,,
Telangana,Jagtial,Karimnagar,Mancherial,Nirmal,Nizamabad,Rajanna Sircilla,Peddapalli,
Telangana,Jangaon,Mahabubabad,Siddipet,Suryapet,Warangal Rural,Warangal Urban,Yadadri Bhuvanagiri,
Telangana,Jayashankar Bhupalpally,Karimnagar,Mancherial,Mulugu,Peddapalli,Warangal Rural,Warangal Urban,
Telangana,Jogulamba Gadwal,Narayanpet,Wanaparthy,,,,,
Telangana,Kamareddy,Sangareddy,Medak,Nizamabad,Rajanna Sircilla,Sangareddy,Siddipet,
Telangana,Karimnagar,Jagtial,Jayashankar Bhupalpally,Rajanna Sircilla,Peddapalli,Warangal Rural,Warangal Urban,Siddipet
Telangana,Khammam,Bhadradri,Suryapet,Mahabubabad,,,,
Telangana,Komaram Bheem,Adilabad,Mancherial,Nirmal,,,,
Telangana,Mahabubabad,Bhadradri,Jangaon,Khammam,Mulugu,Suryapet,Warangal Rural,
Telangana,Mahbubnagar,Wanaparthy,Vikarabad,Narayanpet,Nagarkurnool,Ranga Reddy,,
Telangana,Mancherial,Jagtial,Jayashankar Bhupalpally,Komaram Bheem,Nirmal,Peddapalli,,
Telangana,Medak,Kamareddy,Sangareddy,Medchal-Malkajgiri,Siddipet,,,
Telangana,Medchal-Malkajgiri,Hyderabad,Medak,Yadadri Bhuvanagiri,Sangareddy,Siddipet,Ranga Reddy,
Telangana,Mulugu,Bhadradri,Jayashankar Bhupalpally,Mahabubabad,Warangal Rural,,,
Telangana,Nagarkurnool,Mahbubnagar,Nalgonda,Ranga Reddy,Wanaparthy,,,
Telangana,Nalgonda,Nagarkurnool,Ranga Reddy,Suryapet,Yadadri Bhuvanagiri,,,
Telangana,Narayanpet,Jogulamba Gadwal,Mahbubnagar,Wanaparthy,Vikarabad,,,
Telangana,Nirmal,Adilabad,Jagtial,Komaram Bheem,Mancherial,Nizamabad,,
Telangana,Nizamabad,Jagtial,Kamareddy,Nirmal,Rajanna Sircilla,,,
Telangana,Peddapalli,Jagtial,Jayashankar Bhupalpally,Karimnagar,Mancherial,,,
Telangana,Rajanna Sircilla,Jagtial,Kamareddy,Karimnagar,Nizamabad,Siddipet,,
Telangana,Ranga Reddy,Hyderabad,Mahbubnagar,Medchal-Malkajgiri,Nagarkurnool,Nalgonda,Yadadri Bhuvanagiri,Vikarabad
Telangana,Sangareddy,Kamareddy,Medak,Medchal-Malkajgiri,Ranga Reddy,Vikarabad,,
Telangana,Siddipet,Jangaon,Yadadri Bhuvanagiri,Karimnagar,Medak,Medchal-Malkajgiri,Rajanna Sircilla,Warangal Urban
Telangana,Suryapet,Jangaon,Khammam,Mahabubabad,Nalgonda,Yadadri Bhuvanagiri,,
Telangana,Vikarabad,Mahbubnagar,Narayanpet,Ranga Reddy,Sangareddy,,,
Telangana,Wanaparthy,Jogulamba Gadwal,Mahbubnagar,Nagarkurnool,Narayanpet,,,
Telangana,Warangal Rural,Jangaon,Jayashankar Bhupalpally,Karimnagar,Mulugu,Mahabubabad,Warangal Urban,
Telangana,Warangal Urban,Jangaon,Jayashankar Bhupalpally,Karimnagar,Siddipet,Warangal Rural,,
Telangana,Yadadri Bhuvanagiri,Jangaon,Medchal-Malkajgiri,Nalgonda,Ranga Reddy,Siddipet,Suryapet,
Tripura,Dhalai,North Tripura,Unakoti,Khowai,Gomati,,,
Tripura,Gomati,Dhalai,Khowai,Sepahijala,South Tripura,West Tripura,,
Tripura,Khowai,Gomati,West Tripura,Dhalai,Sepahijala,,,
Tripura,North Tripura,Unakoti,Dhalai,,,,,
Tripura,Sepahijala,South Tripura,Gomati,West Tripura,Khowai,,,
Tripura,South Tripura,Gomati,Sepahijala,,,,,
Tripura,Unakoti,North Tripura,Dhalai,,,,,
Tripura,West Tripura,Gomati,Sepahijala,Khowai,,,,
Uttar Pradesh,Agra,Firozabad,Mathura,Etahwah,,Etah,,
Uttar Pradesh,Aligarh,Budaun,Mathura,Bulandshahr,Hathras,Etah,,
Uttar Pradesh,Allahabad,Kaushambi,Pratapgarh,Sant Ravidas Nagar,Chitrakoot,Mirzapur,Jaunpur,
Uttar Pradesh,Ambedkar Nagar,Basti,Sultanpur,Faizabad,Sant Kabir Nagar,Pratapgarh,Azamgarh,
Uttar Pradesh,Gauriganj,Sultanpur,Pratapgarh,Rae Bareli,Barabanki,Faizabad,,
Uttar Pradesh,Amroha,Moradabad,Ghaziabad,Bijnor,Rampur,Budaun,Meerut,Bulandshahr
Uttar Pradesh,Auraiya,Kanpur Nagar,Jalaun,Etawah,Kannauj,,Kanpur Nagar,
Uttar Pradesh,Azamgarh,Mau,Jaunpur,Ghazipur,Sultanpur,Gorakhpur,Ambedkar Nagar,
Uttar Pradesh,Baghpat,Meerut,Shamli,Ghaziabad,,,,
Uttar Pradesh,Bahraich,Shrawasti,Gonda,kheri,Barabanki,Sitapur,,
Uttar Pradesh,Ballia,Ghazipur,Mau,Deoria,,,,
Uttar Pradesh,Balrampur,Gonda,Shrawasti,Basti,Siddharthnagar,,,
Uttar Pradesh,Banda,Mahoba,Hamirpur,Chitrakoot,Fatehpur,,,
Uttar Pradesh,Barabanki,Lucknow,Rae Bareli,Bahraich,Gonda,Sultanpur,Sitapur,Faizabad
Uttar Pradesh,Bareilly,Budaun,Pilibhit,Rampur,Shahjahanpur,,,
Uttar Pradesh,Basti,Sant Kabir Nagar,Ambedkar Nagar,Siddharthnagar,Faizabad,Gonda,Balrampur,
Uttar Pradesh,Bijnor,Muzaffarnagar,Jyotiba Phule Nagar(Amroha),Meerut,,,,
Uttar Pradesh,Budaun,Bareilly,Bulandshahr,Etah,Rampur,Moradabad,Shahjahanpur,Farrukhabad
Uttar Pradesh,Bulandshahr,Hapur,Amroha,Gautam Buddha Nagar,Aligarh,Budaun,,
Uttar Pradesh,Chandauli,Varanasi,Ghazipur,Sonbhadra,Mirzapur,,,
Uttar Pradesh,Chitrakoot,Kaushambi,Banda,Fatehpur,Allahabad,,,
Uttar Pradesh,Deoria,Kushinagar,Gorakhpur,Mau,Ballia,,,
Uttar Pradesh,Etah,Kasganj,Firozabad,Mainpuri,Hathras,Agra,,
Uttar Pradesh,Etawah,Mainpuri,Auraiya,Firozabad,Jalaun,Kannauj,Agra,
Uttar Pradesh,Faizabad,Gonda,Sultanpur,Ambedkar Nagar,Basti,Barabanki,Gauriganj,
Uttar Pradesh,Farrukhabad,Kannauj,Hardoi,Shahjahanpur,Mainpuri,Kasganj,,
Uttar Pradesh,Fatehpur,Rae Bareli,Banda,Kaushambi,Unnao,Hamirpur,Kanpur Nagar,Chitrakoot
Uttar Pradesh,Firozabad,Agra,Etah,Etawah,Mainpuri,,Etawah,
Uttar Pradesh,Gautam Buddha Nagar,Ghaziabad,Aligarh,Hapur,Bulandshahr,,,
Uttar Pradesh,Ghaziabad,Gautam Buddha Nagar,Hapur,Baghpat,Meerut,,,
Uttar Pradesh,Ghazipur,Mau,Chandauli,Ballia,Azamgarh,Varanasi,Jaunpur,
Uttar Pradesh,Gonda,Balrampur,Faizabad,Shrawasti,Bahraich,Barabanki,Basti,Siddharthnagar
Uttar Pradesh,Gorakhpur,Sant Kabir Nagar,Maharajganj,Deoria,Kushinagar,Azamgarh,,
Uttar Pradesh,Hamirpur,Jhansi,Banda,Kanpur Nagar,Jalaun,Kanpur Dehat,Fatehpur,Mahoba
Uttar Pradesh,Hardoi,Kannauj,Farrukhabad,Shahjahanpur,Sitapur,Kheri,Unnao,Kanpur Nagar
Uttar Pradesh,Hathras,Aligarh,Mathura,Agra,Kasganj,Etah,,
Uttar Pradesh,Jalaun,Auraiya,Kanpur Dehat,Hamirpur,Etawah,Jhansi,,
Uttar Pradesh,Jaunpur,Sant Ravidas Nagar,Varanasi,Azamgarh,Sultanpur,Allahabad,Pratapgarh,Ghazipur
Uttar Pradesh,Jhansi,Lalitpur,Jalaun,Mahoba,Hamirpur,,,
Uttar Pradesh,Sambhal,Moradabad,Amroha,Rampur,Budaun,,,
Uttar Pradesh,Kannauj,Hardoi,Farrukhabad,Kanpur Dehat,Auraiya,Kanpur Nagar,Manipuri,Etawah
Uttar Pradesh,Kanpur Dehat,Kanpur Nagar,Auraiya,Hamirpur,Jalaun,Kannauj,,
Uttar Pradesh,Kanpur Nagar,Unnao,Kanpur Dehat,Hamirpur,Fatehpur,Kannauj,Hardoi,
Uttar Pradesh,Kasganj,Etah,Budaun,Aligarh,Hathras,Mainpuri,Farrukhabad,
Uttar Pradesh,Kaushambi,Allahabad,Chitrakoot,Fatehpur,Rae Bareli,Pratapgarh,,
Uttar Pradesh,Kheri,Sitapur,Hardoi,Shahjahanpur,Bahraich,Pilibhit,,
Uttar Pradesh,Kushinagar,Deoria,Maharajganj,Gorakhpur,,,,
Uttar Pradesh,Lalitpur,Jhansi,,,,,,
Uttar Pradesh,Lucknow,Barabanki,Unnao,Rae Bareli,Sitapur,Hardoi,,
Uttar Pradesh,Maharajganj,Gorakhpur,Kushinagar,Siddharthnagar,Sant Kabir Nagar,,,
Uttar Pradesh,Mahoba,Banda,Hamirpur,Jhansi,,,,
Uttar Pradesh,Mainpuri,Etawah,Etah,Farrukhabad,Firozabad,Kasganj,Kannauj,
Uttar Pradesh,Mathura,Hathras,Agra,Aligarh,,,,
Uttar Pradesh,Mau,Ghazipur,Azamgarh,Deoria,Ballia,Gorakhpur,,
Uttar Pradesh,Meerut,Hapur,Ghaziabad,Baghpat,Muzaffarnagar,Shamli,Bijnor,Amroha
Uttar Pradesh,Mirzapur,Sant Ravidas Nagar,Varanasi,Sonbhadra,Chandauli,Allahabad,,
Uttar Pradesh,Moradabad,Rampur,Sambhal,Amroha,Bijnor,,,
Uttar Pradesh,Muzaffarnagar,Shamli,Bijnor,Meerut,Saharanpur,,,
Uttar Pradesh,Hapur,Meerut,Ghaziabad,Bulandshahr,Gautam Buddha Nagar,Baghpat,Amroha,
Uttar Pradesh,Pilibhit,Bareilly,Shahjahanpur,Kheri,,,,
Uttar Pradesh,Pratapgarh,Gauriganj,Sultanpur,Allahabad,Jaunpur,Rae Bareli,Kaushambi,
Uttar Pradesh,Rae Bareli,Fatehpur,Gauriganj,Lucknow,Barabanki,Kaushambi,Unnao,Pratapgarh
Uttar Pradesh,Rampur,Moradabad,Sambhal,Bareilly,Budaun,,,
Uttar Pradesh,Saharanpur,Muzaffarnagar,Shamli,,,,,
Uttar Pradesh,Sant Kabir Nagar,Gorakhpur,Basti,Siddharthnagar,Maharajganj,Ambedkar Nagar,Azamgarh,
Uttar Pradesh,Sant Ravidas Nagar,Mirzapur,Jaunpur,Varanasi,Allahabad,,,
Uttar Pradesh,Shahjahanpur,Hardoi,Farrukhabad,Bareilly,Pilibhit,Budaun,Kheri,
Uttar Pradesh,Shamli,Muzaffarnagar,Baghpat,Saharanpur,Meerut,,,
Uttar Pradesh,Shrawasti,Bahraich,Balrampur,Gonda,,,,
Uttar Pradesh,Siddharthnagar,Sant Kabir Nagar,Maharajganj,Basti,Balrampur,Gonda,,
Uttar Pradesh,Sitapur,Kheri,Hardoi,Lucknow,Bahraich,Barabanki,,
Uttar Pradesh,Sonbhadra,Chandauli,Mirzapur,,,,,
Uttar Pradesh,Sultanpur,Gauriganj,Pratapgarh,Ambedkar Nagar,Faizabad,Jaunpur,Azamgarh,
Uttar Pradesh,Unnao,Kanpur Nagar,Lucknow,Hardoi,Fatehpur,Rae Bareli,,Rae Bareli
Uttar Pradesh,Varanasi,Chandauli,Mirzapur,Sant Ravidas Nagar,Jaunpur,Ghazipur,Ghazipur,
Uttarakhand,Chamoli,Pauri Garhwal,Rudraprayag,Uttarkashi,Almora,Bageshwar,Pithoragarh,
Uttarakhand,Dehradun,Haridwar,Pauri Garhwal,Tehri Garhwal,Uttarkashi,,,
Uttarakhand,Haridwar,Dehradun,Pauri Garhwal,,,,,
Uttarakhand,Pauri Garhwal,Chamoli,Dehradun,Haridwar,Tehri Garhwal,Rudraprayag,Almora,Nainital
Uttarakhand,Rudraprayag,Chamoli,Pauri Garhwal,Uttarkashi,Tehri Garhwal,,,
Uttarakhand,Tehri Garhwal,Dehradun,Pauri Garhwal,Rudraprayag,Uttarkashi,,,
Uttarakhand,Uttarkashi,Chamoli,Dehradun,Rudraprayag,Tehri Garhwal,,,
Uttarakhand,Almora,Chamoli,Pauri Garhwal,Pithoragarh,Nainital,Champawat,Bageshwar,
Uttarakhand,Bageshwar,Chamoli,Almora,Pithoragarh,,,,
Uttarakhand,Champawat,Almora,Udham Singh Nagar,Nainital,Pithoragarh,,,
Uttarakhand,Nainital,Almora,Champawat,Udham Singh Nagar,,,,
Uttarakhand,Pithoragarh,Chamoli,Almora,Bageshwar,Champawat,,,
Uttarakhand,Udham Singh Nagar,Champawat,Nainital,,,,,
West Bengal,Alipurduar,Cooch Behar,Jalpaiguri,,,,,
West Bengal,Bankura,Purulia,Paschim Bardhaman,Purba Bardhaman,Paschim Medinipur,Hooghly,Jhargram,
West Bengal,Birbhum,Purba Bardhaman,Paschim Bardhaman,Murshidabad,,,,
West Bengal,Cooch Behar,Alipurduar,Jalpaiguri,,,,,
West Bengal,Dakshin Dinajpur,Malda,Uttar Dinajpur,,,,,
West Bengal,Darjeeling,Uttar Dinajpur,Kalimpong,Jalpaiguri,,,,
West Bengal,Hooghly,Bankura,Howrah,Nadia,North 24 Parganas,Paschim Medinipur,Purba Bardhaman,
West Bengal,Howrah,Hooghly,Kolkata,North 24 Parganas,Paschim Medinipur,Purba Medinipur,South 24 Parganas,
West Bengal,Jalpaiguri,Alipurduar,Cooch Behar,Darjeeling,Kalimpong,,,
West Bengal,Jhargram,Bankura,Purulia,Paschim Medinipur,,,,
West Bengal,Kalimpong,Darjeeling,Jalpaiguri,,,,,
West Bengal,Kolkata,Howrah,North 24 Parganas,South 24 Parganas,,,,
West Bengal,Malda,Dakshin Dinajpur,Uttar Dinajpur,Murshidabad,,,,
West Bengal,Murshidabad,Birbhum,Malda,Nadia,Purba Bardhaman,,,
West Bengal,Nadia,Hooghly,Murshidabad,Purba Bardhaman,North 24 Parganas,,,
West Bengal,North 24 Parganas,Hooghly,Howrah,Kolkata,Nadia,South 24 Parganas,,
West Bengal,Paschim Bardhaman,Birbhum,Bankura,Purulia,Purba Bardhaman,,,
West Bengal,Paschim Medinipur,Bankura,Hooghly,Howrah,Jhargram,Purba Medinipur,,
West Bengal,Purba Bardhaman,Birbhum,Bankura,Hooghly,Murshidabad,Nadia,Paschim Bardhaman,
West Bengal,Purba Medinipur,Howrah,Paschim Medinipur,,,,,
West Bengal,Purulia,Bankura,Jhargram,Paschim Bardhaman,,,,
West Bengal,South 24 Parganas,Howrah,Kolkata,North 24 Parganas,,,,
West Bengal,Uttar Dinajpur,Dakshin Dinajpur,Darjeeling,Malda,,,,
Delhi,Central Delhi,North East Delhi,North Delhi,North West Delhi,West Delhi,New Delhi,Shahdara,East Delhi
Delhi,East Delhi,Central Delhi,South East Delhi,Shahdara,New Delhi,,,
Delhi,New Delhi,Central Delhi,East Delhi,South Delhi,South West Delhi,South East Delhi,West Delhi,
Delhi,North Delhi,Central Delhi,North East Delhi,North West Delhi,,,,
Delhi,North East Delhi,Central Delhi,North Delhi,Shahdara,,,,
Delhi,North West Delhi,Central Delhi,North Delhi,West Delhi,,,,
Delhi,Shahdara,Central Delhi,East Delhi,North East Delhi,,,,
Delhi,South Delhi,New Delhi,South East Delhi,,,,,
Delhi,South East Delhi,East Delhi,New Delhi,South Delhi,,,,
Delhi,South West Delhi,New Delhi,West Delhi,,,,,
Delhi,West Delhi,Central Delhi,New Delhi,North West Delhi,South West Delhi,,,