Mandi ID,Mandi Code,Mandi Name,Mandi Name (Hi),District ID,District Name,District Name (Hi),Division ID,Division Name,Division Name (Hi),State ID,State Name,State Name (Hi)
911,4910,Abohar,अबोहर,"1,623",Fazilka,फाजिल्का,202,Ferozepur,फिरोजपुर,16,Punjab,पंजाब
912,4610,Adampur,आदमपुर,"1,602",Jalandhar,जलंधर,200,Jalandhar,जलंधर,16,Punjab,पंजाब
913,4611,Adampur(Bahodinpur),आदमपुर (बहोदिनपुर),"1,602",Jalandhar,जलंधर,200,Jalandhar,जलंधर,16,Punjab,पंजाब
914,4612,Adampur(Daroli Kalan),आदमपुर (दरोली कलां),"1,602",Jalandhar,जलंधर,200,Jalandhar,जलंधर,16,Punjab,पंजाब
915,4845,Ahemadpur,अहमदपुर,"1,613",Mansa,मानसा,203,Faridkot,फरीदकोट,16,Punjab,पंजाब
916,4795,Ahmedgarh,अहमदगढ़,"1,610",Sangrur,संगरूर,201,Patiala,पटियाला,16,Punjab,पंजाब
917,4870,Ajitwal,अजीतवाल,"1,616",Moga,मोगा,202,Ferozepur,फिरोजपुर,16,Punjab,पंजाब
918,4871,Ajitwal (Chogawan),अजीतवाल (चोगावां),"1,616",Moga,मोगा,202,Ferozepur,फिरोजपुर,16,Punjab,पंजाब
919,4872,Ajitwal (Dala),अजीतवाल (डाला),"1,616",Moga,मोगा,202,Ferozepur,फिरोजपुर,16,Punjab,पंजाब
920,4685,Ajnala,अजनाला,"1,605",Amritsar,अमृतसर,200,Jalandhar,जलंधर,16,Punjab,पंजाब
921,4686,Ajnala (Sudhar),अजनाला (सुधार),"1,605",Amritsar,अमृतसर,200,Jalandhar,जलंधर,16,Punjab,पंजाब
922,4846,Alisher Kalan,अलीशेर कलां,"1,613",Mansa,मानसा,203,Faridkot,फरीदकोट,16,Punjab,पंजाब
923,4796,Amargarh,अमरगढ़,"1,610",Sangrur,संगरूर,201,Patiala,पटियाला,16,Punjab,पंजाब
924,4530,Amloh,अमलोह,"1,614",Fatehgarh Sahib,फतेहगढ़ साहिब,201,Patiala,पटियाला,16,Punjab,पंजाब
925,4531,Mandi Gobindgarh,अमलोह (गोबिंद गढ़ मंडी),"1,614",Fatehgarh Sahib,फतेहगढ़ साहिब,201,Patiala,पटियाला,16,Punjab,पंजाब
926,4687,Amritsar,अमृतसर,"1,605",Amritsar,अमृतसर,200,Jalandhar,जलंधर,16,Punjab,पंजाब
927,4688,Amritsar(Amritsar Mewa Mandi),अमृतसर (अमृतसर मेवा मंडी),"1,605",Amritsar,अमृतसर,200,Jalandhar,जलंधर,16,Punjab,पंजाब
928,4689,Amritsar(Chehreta),अमृतसर (चेहरेता),"1,605",Amritsar,अमृतसर,200,Jalandhar,जलंधर,16,Punjab,पंजाब
929,4690,Amritsar(Takharpura),अमृतसर (तखरपुरा),"1,605",Amritsar,अमृतसर,200,Jalandhar,जलंधर,16,Punjab,पंजाब
930,4520,Shri Anandpur Sahib,आनंदपुर साहिब,"1,611",Rupnagar,रूपनगर,204,Ropar,रोपड़,16,Punjab,पंजाब
931,4847,Atla Kalan,अटला कलां,"1,613",Mansa,मानसा,203,Faridkot,फरीदकोट,16,Punjab,पंजाब
932,4691,Attari,अटारी,"1,605",Amritsar,अमृतसर,200,Jalandhar,जलंधर,16,Punjab,पंजाब
933,4873,Badhni Kalan,बढ़नी कलां,"1,616",Moga,मोगा,202,Ferozepur,फिरोजपुर,16,Punjab,पंजाब
934,4874,Badhni Kallan (Bilaspur),बढ़नी कल्लन (बिलासपुर),"1,616",Moga,मोगा,202,Ferozepur,फिरोजपुर,16,Punjab,पंजाब
935,4797,Badrukha,बदरुखा,"1,610",Sangrur,संगरूर,201,Patiala,पटियाला,16,Punjab,पंजाब
936,4875,Baghapurana,बाघापुराना,"1,616",Moga,मोगा,202,Ferozepur,फिरोजपुर,16,Punjab,पंजाब
937,4886,Bakthgarh,बक्ठगढ़,"1,619",Barnala,बरनाला,201,Patiala,पटियाला,16,Punjab,पंजाब
938,4580,Balachaur,बलाचौर,"1,621",Shaheed Bhagat Singh Nagar,शहीद भगत सिंह नगर,204,Ropar,रोपड़,16,Punjab,पंजाब
939,4735,Balianwali,बालियांवाली,"1,608",Bhatinda,बठिंडा,203,Faridkot,फरीदकोट,16,Punjab,पंजाब
940,4905,Bamial,बामियाल,"1,622",Pathankot,पठानकोट,200,Jalandhar,जलंधर,16,Punjab,पंजाब
941,4581,Banga,बंगा,"1,621",Shaheed Bhagat Singh Nagar,शहीद भगत सिंह नगर,204,Ropar,रोपड़,16,Punjab,पंजाब
942,4582,Banga (Kataria),बंगा (कटारिया),"1,621",Shaheed Bhagat Singh Nagar,शहीद भगत सिंह नगर,204,Ropar,रोपड़,16,Punjab,पंजाब
943,4700,Bangowagi Kunjar,बंगोवागी कुंजर,"1,606",Gurdaspur,गुरदासपुर,200,Jalandhar,जलंधर,16,Punjab,पंजाब
944,4540,Banur,बनूड़,"1,615",Sahibzada Ajit Singh Nagar,साहिबजादा अजीत सिंह नागर,204,Ropar,रोपड़,16,Punjab,पंजाब
945,4541,Banur (Kheragaju),बनूड़ (खेरागजू),"1,615",Sahibzada Ajit Singh Nagar,साहिबजादा अजीत सिंह नागर,204,Ropar,रोपड़,16,Punjab,पंजाब
946,4848,Bareta,बरेटा,"1,613",Mansa,मानसा,203,Faridkot,फरीदकोट,16,Punjab,पंजाब
947,4550,Bariwala,बारीवाला,"1,617",Shri Mukatsar Sahib,श्री मुक्तसर साहिब,202,Ferozepur,फिरोजपुर,16,Punjab,पंजाब
948,4887,Barnala,बरनाला,"1,619",Barnala,बरनाला,201,Patiala,पटियाला,16,Punjab,पंजाब
949,4532,Bassi Pathana,बस्सी पठाना,"1,614",Fatehgarh Sahib,फतेहगढ़ साहिब,201,Patiala,पटियाला,16,Punjab,पंजाब
950,4533,Bassi Pathana((Nanadpur Kalour),बस्सी पठाना ((नांदपुर कलौर),"1,614",Fatehgarh Sahib,फतेहगढ़ साहिब,201,Patiala,पटियाला,16,Punjab,पंजाब
951,4701,Batala,बटाला,"1,606",Gurdaspur,गुरदासपुर,200,Jalandhar,जलंधर,16,Punjab,पंजाब
952,4736,Bathinda,बठिंडा,"1,608",Bhatinda,बठिंडा,203,Faridkot,फरीदकोट,16,Punjab,पंजाब
953,4583,Behloor Kalan,बहलूर कलां,"1,621",Shaheed Bhagat Singh Nagar,शहीद भगत सिंह नगर,204,Ropar,रोपड़,16,Punjab,पंजाब
954,4613,Behram,बेहराम,"1,602",Jalandhar,जलंधर,200,Jalandhar,जलंधर,16,Punjab,पंजाब
955,4888,Bhadaur,भदौर,"1,619",Barnala,बरनाला,201,Patiala,पटियाला,16,Punjab,पंजाब
956,4889,Bhadaur(Sehna),भदौर (सेहना),"1,619",Barnala,बरनाला,201,Patiala,पटियाला,16,Punjab,पंजाब
957,4770,Bhadson,भाडसन,"1,609",Patiala,पटियाला,201,Patiala,पटियाला,16,Punjab,पंजाब
958,4737,Bhagta Bhaika,भागता भाई का,"1,608",Bhatinda,बठिंडा,203,Faridkot,फरीदकोट,16,Punjab,पंजाब
959,4738,Bhagta Bhai Ka (Jalal),भागता भाई का (जलाल),"1,608",Bhatinda,बठिंडा,203,Faridkot,फरीदकोट,16,Punjab,पंजाब
960,4739,Bhagta Bhai Ka (Kalyansukha),भागता भाई का (कल्याणसुखा),"1,608",Bhatinda,बठिंडा,203,Faridkot,फरीदकोट,16,Punjab,पंजाब
961,4740,Bhagta Bhai Ka(Kotha Guru Ka),भागता भाई का (कोठा गुरु का),"1,608",Bhatinda,बठिंडा,203,Faridkot,फरीदकोट,16,Punjab,पंजाब
962,4702,Bhaini Mian Khan,भैणी मियां खान,"1,606",Gurdaspur,गुरदासपुर,200,Jalandhar,जलंधर,16,Punjab,पंजाब
963,4798,Bhawanigarh,भवानीगढ़,"1,610",Sangrur,संगरूर,201,Patiala,पटियाला,16,Punjab,पंजाब
964,4799,Bhawanigarh (Rampura),भवानीगढ़ (रामपुरा),"1,610",Sangrur,संगरूर,201,Patiala,पटियाला,16,Punjab,पंजाब
965,4849,Bhikhi,भीखी,"1,613",Mansa,मानसा,203,Faridkot,फरीदकोट,16,Punjab,पंजाब
966,4560,Bhikhiwind,भिखीविंड,"1,620",Tarn Taran,तरनतारन,200,Jalandhar,जलंधर,16,Punjab,पंजाब
967,4561,Bhikhiwind (Algo),भिखीविंड (अल्गो),"1,620",Tarn Taran,तरनतारन,200,Jalandhar,जलंधर,16,Punjab,पंजाब
968,4562,Bhikhiwind (Basarke),भिखीविंड (बसरके),"1,620",Tarn Taran,तरनतारन,200,Jalandhar,जलंधर,16,Punjab,पंजाब
969,4563,Bhikhiwind (Marrimegha),भिखीविंड (मर्रिमेघा),"1,620",Tarn Taran,तरनतारन,200,Jalandhar,जलंधर,16,Punjab,पंजाब
970,4564,Bhikhiwind (Sursingh),भिखीविंड (सुरसिंह),"1,620",Tarn Taran,तरनतारन,200,Jalandhar,जलंधर,16,Punjab,पंजाब
971,4565,Bhikhiwind(Khalra),भिखीविंड (खालरा),"1,620",Tarn Taran,तरनतारन,200,Jalandhar,जलंधर,16,Punjab,पंजाब
972,4800,Bhindran,भिंडरा,"1,610",Sangrur,संगरूर,201,Patiala,पटियाला,16,Punjab,पंजाब
973,4614,Bhode Saprai,भोडे सप्राई,"1,602",Jalandhar,जलंधर,200,Jalandhar,जलंधर,16,Punjab,पंजाब
974,4615,Bhogpur,भोगपुर,"1,602",Jalandhar,जलंधर,200,Jalandhar,जलंधर,16,Punjab,पंजाब
975,4771,Bhootgarh,भूतगढ़,"1,609",Patiala,पटियाला,201,Patiala,पटियाला,16,Punjab,पंजाब
976,4890,Bhotna,भोटना,"1,619",Barnala,बरनाला,201,Patiala,पटियाला,16,Punjab,पंजाब
977,4741,Bhucho,भुच्चो,"1,608",Bhatinda,बठिंडा,203,Faridkot,फरीदकोट,16,Punjab,पंजाब
978,4725,Bholath,भुलथ,"1,607",Kapurthala,कपूरथला,200,Jalandhar,जलंधर,16,Punjab,पंजाब
979,4726,Bhulath (Ibrahimaaaaval),भुलथ (इब्राहिमावल),"1,607",Kapurthala,कपूरथला,200,Jalandhar,जलंधर,16,Punjab,पंजाब
980,4727,Bhulath (Nadala),भुलथ (नडाला),"1,607",Kapurthala,कपूरथला,200,Jalandhar,जलंधर,16,Punjab,पंजाब
981,4801,Bhundan,भुंडन,"1,610",Sangrur,संगरूर,201,Patiala,पटियाला,16,Punjab,पंजाब
982,4616,Bilga,बिलगा,"1,602",Jalandhar,जलंधर,200,Jalandhar,जलंधर,16,Punjab,पंजाब
983,4617,Bilga (Talwan ),बिल्गा (तलवान),"1,602",Jalandhar,जलंधर,200,Jalandhar,जलंधर,16,Punjab,पंजाब
984,4850,Birewala Dogra,बिरेवाला डोगरा,"1,613",Mansa,मानसा,203,Faridkot,फरीदकोट,16,Punjab,पंजाब
985,4851,Boha,बोहा,"1,613",Mansa,मानसा,203,Faridkot,फरीदकोट,16,Punjab,पंजाब
986,4852,Budhlada,बुडालाडा,"1,613",Mansa,मानसा,203,Faridkot,फरीदकोट,16,Punjab,पंजाब
987,4853,Budhlada (Phaphre Bhaike),बुढलाडा (फड़हरे भाईके),"1,613",Mansa,मानसा,203,Faridkot,फरीदकोट,16,Punjab,पंजाब
988,4566,Chabal,चभाल,"1,620",Tarn Taran,तरनतारन,200,Jalandhar,जलंधर,16,Punjab,पंजाब
989,4854,Chak Alisher,चक अलीशेर,"1,613",Mansa,मानसा,203,Faridkot,फरीदकोट,16,Punjab,पंजाब
990,4521,Shri Chamkaur Sahib,चमकौर साहिब,"1,611",Rupnagar,रूपनगर,204,Ropar,रोपड़,16,Punjab,पंजाब
991,4522,Chamkaur Sahib (Bela),चमकौर साहिब (बेला),"1,611",Rupnagar,रूपनगर,204,Ropar,रोपड़,16,Punjab,पंजाब
992,4534,Charnarthal,चनारथल,"1,614",Fatehgarh Sahib,फतेहगढ़ साहिब,201,Patiala,पटियाला,16,Punjab,पंजाब
993,4802,Chaudna,चौदना,"1,610",Sangrur,संगरूर,201,Patiala,पटियाला,16,Punjab,पंजाब
994,4803,Cheema,चीमा,"1,610",Sangrur,संगरूर,201,Patiala,पटियाला,16,Punjab,पंजाब
995,4804,Cheema (Lonogal),चीमा (लोनोगल),"1,610",Sangrur,संगरूर,201,Patiala,पटियाला,16,Punjab,पंजाब
996,4805,Chhajli,छाजली,"1,610",Sangrur,संगरूर,201,Patiala,पटियाला,16,Punjab,पंजाब
997,4692,Chogawan,चोगावन,"1,605",Amritsar,अमृतसर,200,Jalandhar,जलंधर,16,Punjab,पंजाब
998,4703,Chone,चोने,"1,606",Gurdaspur,गुरदासपुर,200,Jalandhar,जलंधर,16,Punjab,पंजाब
999,4772,Dakala,डकाला,"1,609",Patiala,पटियाला,201,Patiala,पटियाला,16,Punjab,पंजाब
1000,4855,Dalelwala,दलेलवाला,"1,613",Mansa,मानसा,203,Faridkot,फरीदकोट,16,Punjab,पंजाब
1001,4595,Dasuya,दसूया,"1,601",Hoshiarpur,होशियारपुर,200,Jalandhar,जलंधर,16,Punjab,पंजाब
1002,4542,Dau Majra,दाऊ माजरा,"1,615",Sahibzada Ajit Singh Nagar,साहिबजादा अजीत सिंह नागर,204,Ropar,रोपड़,16,Punjab,पंजाब
1003,4742,Deon,देवदूत,"1,608",Bhatinda,बठिंडा,203,Faridkot,फरीदकोट,16,Punjab,पंजाब
1004,4704,Dera Baba Nanak,डेरा बाबा नानक,"1,606",Gurdaspur,गुरदासपुर,200,Jalandhar,जलंधर,16,Punjab,पंजाब
1005,4543,Dera Bassi,डेराबस्सी,"1,615",Sahibzada Ajit Singh Nagar,साहिबजादा अजीत सिंह नागर,204,Ropar,रोपड़,16,Punjab,पंजाब
1006,4806,Dhadhrian,धधड़ियां,"1,610",Sangrur,संगरूर,201,Patiala,पटियाला,16,Punjab,पंजाब
1007,4891,Dhanaula,धनौला,"1,619",Barnala,बरनाला,201,Patiala,पटियाला,16,Punjab,पंजाब
1008,4705,Dhandoi,धनदोई,"1,606",Gurdaspur,गुरदासपुर,200,Jalandhar,जलंधर,16,Punjab,पंजाब
1009,4892,Dhanula (Kaleke),धनुला (कालेके),"1,619",Barnala,बरनाला,201,Patiala,पटियाला,16,Punjab,पंजाब
1010,4876,Dharamkot,धर्मकोट,"1,616",Moga,मोगा,202,Ferozepur,फिरोजपुर,16,Punjab,पंजाब
1011,4706,Dhariwal,धारीवाल,"1,606",Gurdaspur,गुरदासपुर,200,Jalandhar,जलंधर,16,Punjab,पंजाब
1012,4728,Dhilwan,ढिलवान,"1,607",Kapurthala,कपूरथला,200,Jalandhar,जलंधर,16,Punjab,पंजाब
1013,4807,Dhuri,धूरी,"1,610",Sangrur,संगरूर,201,Patiala,पटियाला,16,Punjab,पंजाब
1014,4707,Dinanagar,दीनानगर,"1,606",Gurdaspur,गुरदासपुर,200,Jalandhar,जलंधर,16,Punjab,पंजाब
1015,4808,Dirba,दिर्बा,"1,610",Sangrur,संगरूर,201,Patiala,पटियाला,16,Punjab,पंजाब
1016,4650,Doraha,दोराहा,"1,603",Ludhiana,लुधियाना,201,Patiala,पटियाला,16,Punjab,पंजाब
1017,4651,Doraha (Dhamot),दोराहा (धमोत),"1,603",Ludhiana,लुधियाना,201,Patiala,पटियाला,16,Punjab,पंजाब
1018,4652,Doraha (Payal),दोराहा (पायल),"1,603",Ludhiana,लुधियाना,201,Patiala,पटियाला,16,Punjab,पंजाब
1019,4773,Dudhansadhan,दुधनसाधन,"1,609",Patiala,पटियाला,201,Patiala,पटियाला,16,Punjab,पंजाब
1020,4809,Duggan,दुग्गन,"1,610",Sangrur,संगरूर,201,Patiala,पटियाला,16,Punjab,पंजाब
1021,4708,Fatehgarh Churian,एफ.जी. चूड़ियां,"1,606",Gurdaspur,गुरदासपुर,200,Jalandhar,जलंधर,16,Punjab,पंजाब
1022,4835,Faridkot,फरीदकोट,"1,612",Faridkot,फरीदकोट,203,Faridkot,फरीदकोट,16,Punjab,पंजाब
1023,4836,Faridkot (Kotsukhian),फरीदकोट (कोटसुखियां),"1,612",Faridkot,फरीदकोट,203,Faridkot,फरीदकोट,16,Punjab,पंजाब
1024,4837,Faridkot (Machakikalan),फरीदकोट (माचकीकलां),"1,612",Faridkot,फरीदकोट,203,Faridkot,फरीदकोट,16,Punjab,पंजाब
1025,4877,Fatehgarh Panjtoor,फतेहगढ़ पंजतूर,"1,616",Moga,मोगा,202,Ferozepur,फिरोजपुर,16,Punjab,पंजाब
1026,4911,Fazilka,फाजिल्का,"1,623",Fazilka,फाजिल्का,202,Ferozepur,फिरोजपुर,16,Punjab,पंजाब
1027,4912,Fazilka (Ladhuka),फाजिल्का (लाधुका),"1,623",Fazilka,फाजिल्का,202,Ferozepur,फिरोजपुर,16,Punjab,पंजाब
1028,4501,"Ferozepur Cantt, (Sadehasham)","फिरोजपुर कैंट, (सदेहम)","1,604",Ferozepur,फिरोजपुर,202,Ferozepur,फिरोजपुर,16,Punjab,पंजाब
1029,4502,Ferozpur Cantt,फिरोजपुर कैंट।,"1,604",Ferozepur,फिरोजपुर,202,Ferozepur,फिरोजपुर,16,Punjab,पंजाब
1030,4503,Ferozepur Cantt(Jhok Harihar),फिरोजपुर कैंट (झोक हरिहर),"1,604",Ferozepur,फिरोजपुर,202,Ferozepur,फिरोजपुर,16,Punjab,पंजाब
1031,4504,Ferozpur City,फिरोजपुर सिटी,"1,604",Ferozepur,फिरोजपुर,202,Ferozepur,फिरोजपुर,16,Punjab,पंजाब
1032,4810,Gaggarpur,गग्गरपुर,"1,610",Sangrur,संगरूर,201,Patiala,पटियाला,16,Punjab,पंजाब
1033,4596,Garhshankar,गढ़ शंकर,"1,601",Hoshiarpur,होशियारपुर,200,Jalandhar,जलंधर,16,Punjab,पंजाब
1034,4597,Garh Shankar(Mahalpur),गढ़ शंकर (महलपुर),"1,601",Hoshiarpur,होशियारपुर,200,Jalandhar,जलंधर,16,Punjab,पंजाब
1035,4598,Garhshankar (Kotfatuhi),गढ़शंकर (कोटफतुही),"1,601",Hoshiarpur,होशियारपुर,200,Jalandhar,जलंधर,16,Punjab,पंजाब
1036,4599,Garhshankar(Saila Khurd),गढ़शंकर (सैला खुर्द),"1,601",Hoshiarpur,होशियारपुर,200,Jalandhar,जलंधर,16,Punjab,पंजाब
1037,4893,Gehal,गेहल,"1,619",Barnala,बरनाला,201,Patiala,पटियाला,16,Punjab,पंजाब
1038,4693,Gehri,गेहरी,"1,605",Amritsar,अमृतसर,200,Jalandhar,जलंधर,16,Punjab,पंजाब
1039,4694,Gehri(Jandiala Mandi),गेहरी (जंडियाला मंडी),"1,605",Amritsar,अमृतसर,200,Jalandhar,जलंधर,16,Punjab,पंजाब
1040,4811,Ghabdan,घबदान,"1,610",Sangrur,संगरूर,201,Patiala,पटियाला,16,Punjab,पंजाब
1041,4774,Ghanaur,घनौर,"1,609",Patiala,पटियाला,201,Patiala,पटियाला,16,Punjab,पंजाब
1042,4551,Gidderbaha,गिद्दड़बाहा,"1,617",Shri Mukatsar Sahib,श्री मुक्तसर साहिब,202,Ferozepur,फिरोजपुर,16,Punjab,पंजाब
1043,4618,Gidderpindi,गिद्दरपिंडी,"1,602",Jalandhar,जलंधर,200,Jalandhar,जलंधर,16,Punjab,पंजाब
1044,4743,Goniana,गोनियाना,"1,608",Bhatinda,बठिंडा,203,Faridkot,फरीदकोट,16,Punjab,पंजाब
1045,4744,Goniana(Mehma Sarja),गोनियाना (मेहमा सरजा),"1,608",Bhatinda,बठिंडा,203,Faridkot,फरीदकोट,16,Punjab,पंजाब
1046,4619,Goraya,गोराया,"1,602",Jalandhar,जलंधर,200,Jalandhar,जलंधर,16,Punjab,पंजाब
1047,4709,Gurdas Nangal,गुरदास नांगल,"1,606",Gurdaspur,गुरदासपुर,200,Jalandhar,जलंधर,16,Punjab,पंजाब
1048,4710,Gurdaspur,गुरदासपुर,"1,606",Gurdaspur,गुरदासपुर,200,Jalandhar,जलंधर,16,Punjab,पंजाब
1049,4894,Gurm,गुरम,"1,619",Barnala,बरनाला,201,Patiala,पटियाला,16,Punjab,पंजाब
1050,4505,Guru Har Sahai,गुरु हर सहाय,"1,604",Ferozepur,फिरोजपुर,202,Ferozepur,फिरोजपुर,16,Punjab,पंजाब
1051,4653,Hanbran,हनब्रन,"1,603",Ludhiana,लुधियाना,201,Patiala,पटियाला,16,Punjab,पंजाब
1052,4567,Harike,हरिके ,"1,620",Tarn Taran,तरनतारन,200,Jalandhar,जलंधर,16,Punjab,पंजाब
1053,4812,Hathan,हथन,"1,610",Sangrur,संगरूर,201,Patiala,पटियाला,16,Punjab,पंजाब
1054,4654,Hathur,हथुर,"1,603",Ludhiana,लुधियाना,201,Patiala,पटियाला,16,Punjab,पंजाब
1055,4600,Hoshiarpur,होशियारपुर,"1,601",Hoshiarpur,होशियारपुर,200,Jalandhar,जलंधर,16,Punjab,पंजाब
1056,4601,Hoshiarpur(Chara Mandi),होशियारपुर (चारा मंडी),"1,601",Hoshiarpur,होशियारपुर,200,Jalandhar,जलंधर,16,Punjab,पंजाब
1057,4602,Hoshiarpur(Sham Churasi),होशियारपुर (शाम चुरासी),"1,601",Hoshiarpur,होशियारपुर,200,Jalandhar,जलंधर,16,Punjab,पंजाब
1058,4895,Jagjitpura,जगजीतपुरा,"1,619",Barnala,बरनाला,201,Patiala,पटियाला,16,Punjab,पंजाब
1059,4655,Jagraon,जगराओं,"1,603",Ludhiana,लुधियाना,201,Patiala,पटियाला,16,Punjab,पंजाब
1060,4838,Jaitu,जैतू,"1,612",Faridkot,फरीदकोट,203,Faridkot,फरीदकोट,16,Punjab,पंजाब
1061,4839,Jaitu(Bajakhana),जैतू (बाजाखाना),"1,612",Faridkot,फरीदकोट,203,Faridkot,फरीदकोट,16,Punjab,पंजाब
1062,4913,Jalalabad,जलालाबाद,"1,623",Fazilka,फाजिल्का,202,Ferozepur,फिरोजपुर,16,Punjab,पंजाब
1063,4620,Jalandhar Cantt (Jamshedpur Dana Mandi),जलंधर कैंट (जमशेदपुर दाना मंडी),"1,602",Jalandhar,जलंधर,200,Jalandhar,जलंधर,16,Punjab,पंजाब
1064,4621,Jalandhar Cantt,जलंधर कैंट।,"1,602",Jalandhar,जलंधर,200,Jalandhar,जलंधर,16,Punjab,पंजाब
1065,4622,Jalandhar Cantt(Hoshiarpur Road),जलंधर कैंट (होशियारपुर रोड),"1,602",Jalandhar,जलंधर,200,Jalandhar,जलंधर,16,Punjab,पंजाब
1066,4623,Jalandhar City,जलंधर शहर,"1,602",Jalandhar,जलंधर,200,Jalandhar,जलंधर,16,Punjab,पंजाब
1067,4624,Jalandhar City(Faintan Ganj),जलंधर सिटी (बेहोशी गंज),"1,602",Jalandhar,जलंधर,200,Jalandhar,जलंधर,16,Punjab,पंजाब
1068,4625,Jalandhar City(Jalandhar),जलंधर सिटी (जलंधर),"1,602",Jalandhar,जलंधर,200,Jalandhar,जलंधर,16,Punjab,पंजाब
1069,4626,Jalandhar City(Kartar Pur Dana Mandi),जलंधर सिटी (करतार पुर दाना मंडी),"1,602",Jalandhar,जलंधर,200,Jalandhar,जलंधर,16,Punjab,पंजाब
1070,4627,Jamshere,जमशेरे,"1,602",Jalandhar,जलंधर,200,Jalandhar,जलंधर,16,Punjab,पंजाब
1071,4775,Jand Mangoli,जंड मंगोली,"1,609",Patiala,पटियाला,201,Patiala,पटियाला,16,Punjab,पंजाब
1072,4856,Jhunir,झुनिर,"1,613",Mansa,मानसा,203,Faridkot,फरीदकोट,16,Punjab,पंजाब
1073,4813,Jollian,जोलियन,"1,610",Sangrur,संगरूर,201,Patiala,पटियाला,16,Punjab,पंजाब
1074,4711,Kahnuwan,काहनूवान ,"1,606",Gurdaspur,गुरदासपुर,200,Jalandhar,जलंधर,16,Punjab,पंजाब
1075,4745,Kal Jharani,कल झारानी,"1,608",Bhatinda,बठिंडा,203,Faridkot,फरीदकोट,16,Punjab,पंजाब
1076,4712,Kala Afgana,काला अफगान,"1,606",Gurdaspur,गुरदासपुर,200,Jalandhar,जलंधर,16,Punjab,पंजाब
1077,4713,Kalanaur,कलानौर,"1,606",Gurdaspur,गुरदासपुर,200,Jalandhar,जलंधर,16,Punjab,पंजाब
1078,4628,Kandhala Guru,कंधाला गुरु,"1,602",Jalandhar,जलंधर,200,Jalandhar,जलंधर,16,Punjab,पंजाब
1079,4629,Kang Khurd,कांग खुर्द,"1,602",Jalandhar,जलंधर,200,Jalandhar,जलंधर,16,Punjab,पंजाब
1080,4857,Kankwal Chahlan,कंकवाल चाहलान,"1,613",Mansa,मानसा,203,Faridkot,फरीदकोट,16,Punjab,पंजाब
1081,4729,Kapurthala,कपूरथला,"1,607",Kapurthala,कपूरथला,200,Jalandhar,जलंधर,16,Punjab,पंजाब
1082,4814,Katron,कैटरीना,"1,610",Sangrur,संगरूर,201,Patiala,पटियाला,16,Punjab,पंजाब
1083,4568,Khadur Sahib,खडूर साहिब,"1,620",Tarn Taran,तरनतारन,200,Jalandhar,जलंधर,16,Punjab,पंजाब
1084,4569,Khadur Sahib(Fetehabad),खडूर साहिब (फतेहाबाद),"1,620",Tarn Taran,तरनतारन,200,Jalandhar,जलंधर,16,Punjab,पंजाब
1085,4535,Khamano,खमानो,"1,614",Fatehgarh Sahib,फतेहगढ़ साहिब,201,Patiala,पटियाला,16,Punjab,पंजाब
1086,4536,Khamano (Sanghol),खमानो (संघोल),"1,614",Fatehgarh Sahib,फतेहगढ़ साहिब,201,Patiala,पटियाला,16,Punjab,पंजाब
1087,4815,Khanauri,खनौरी,"1,610",Sangrur,संगरूर,201,Patiala,पटियाला,16,Punjab,पंजाब
1088,4656,Khanna,खन्ना,"1,603",Ludhiana,लुधियाना,201,Patiala,पटियाला,16,Punjab,पंजाब
1089,4816,Khanpur,खानपुर,"1,610",Sangrur,संगरूर,201,Patiala,पटियाला,16,Punjab,पंजाब
1090,4544,Kharar,खरड़,"1,615",Sahibzada Ajit Singh Nagar,साहिबजादा अजीत सिंह नागर,204,Ropar,रोपड़,16,Punjab,पंजाब
1091,4570,Khemkaran,खेम करण,"1,620",Tarn Taran,तरनतारन,200,Jalandhar,जलंधर,16,Punjab,पंजाब
1092,4571,Khemkaran (Amarkot),खेमकरण (अमरकोट),"1,620",Tarn Taran,तरनतारन,200,Jalandhar,जलंधर,16,Punjab,पंजाब
1093,4896,Khiali,खियाली,"1,619",Barnala,बरनाला,201,Patiala,पटियाला,16,Punjab,पंजाब
1094,4545,Khizrabad,खिजराबाद,"1,615",Sahibzada Ajit Singh Nagar,साहिबजादा अजीत सिंह नागर,204,Ropar,रोपड़,16,Punjab,पंजाब
1095,4746,Khokhar,खोखर,"1,608",Bhatinda,बठिंडा,203,Faridkot,फरीदकोट,16,Punjab,पंजाब
1096,4858,Khokhar Khurd,खोखर खुर्द,"1,613",Mansa,मानसा,203,Faridkot,फरीदकोट,16,Punjab,पंजाब
1097,4657,Kilaraipur,किला रायपुर,"1,603",Ludhiana,लुधियाना,201,Patiala,पटियाला,16,Punjab,पंजाब
1098,4658,Killa Raipur (Jodhan),किला रायपुर (जोधन),"1,603",Ludhiana,लुधियाना,201,Patiala,पटियाला,16,Punjab,पंजाब
1099,4747,Killi Nihal Singh Wala,किल्ली निहाल सिंह वाला,"1,608",Bhatinda,बठिंडा,203,Faridkot,फरीदकोट,16,Punjab,पंजाब
1100,4859,Kishangarh Ss Wala,किशनगढ़ एसएस वाला,"1,613",Mansa,मानसा,203,Faridkot,फरीदकोट,16,Punjab,पंजाब
1101,4748,Koreana,कोरियाई,"1,608",Bhatinda,बठिंडा,203,Faridkot,फरीदकोट,16,Punjab,पंजाब
1102,4878,Kot Ise Khan,कोट ईसे खान,"1,616",Moga,मोगा,202,Ferozepur,फिरोजपुर,16,Punjab,पंजाब
1103,4714,Kot Santokh Rai,कोट संतोख राय,"1,606",Gurdaspur,गुरदासपुर,200,Jalandhar,जलंधर,16,Punjab,पंजाब
1104,4840,Kotkapura,कोटकपूरा,"1,612",Faridkot,फरीदकोट,203,Faridkot,फरीदकोट,16,Punjab,पंजाब
1105,4630,Kukar Pind,कुकर पिंड,"1,602",Jalandhar,जलंधर,200,Jalandhar,जलंधर,16,Punjab,पंजाब
1106,4659,Kum Kalan,कुम कलां,"1,603",Ludhiana,लुधियाना,201,Patiala,पटियाला,16,Punjab,पंजाब
1107,4817,Kunganwai,कुंगनवई,"1,610",Sangrur,संगरूर,201,Patiala,पटियाला,16,Punjab,पंजाब
1108,4546,Kurali,कुराली,"1,615",Sahibzada Ajit Singh Nagar,साहिबजादा अजीत सिंह नागर,204,Ropar,रोपड़,16,Punjab,पंजाब
1109,4818,Lairagaga,लायरागागा,"1,610",Sangrur,संगरूर,201,Patiala,पटियाला,16,Punjab,पंजाब
1110,4660,Lakhowal,लाखोवाल,"1,603",Ludhiana,लुधियाना,201,Patiala,पटियाला,16,Punjab,पंजाब
1111,4749,Laleana,लालियाना,"1,608",Bhatinda,बठिंडा,203,Faridkot,फरीदकोट,16,Punjab,पंजाब
1112,4661,Lallton Kalan,लालटन कलां,"1,603",Ludhiana,लुधियाना,201,Patiala,पटियाला,16,Punjab,पंजाब
1113,4547,Lalru,लालरू,"1,615",Sahibzada Ajit Singh Nagar,साहिबजादा अजीत सिंह नागर,204,Ropar,रोपड़,16,Punjab,पंजाब
1114,4819,Lehragaga,लहरा गागा,"1,610",Sangrur,संगरूर,201,Patiala,पटियाला,16,Punjab,पंजाब
1115,4631,Lohian Khas,लोहियां खास,"1,602",Jalandhar,जलंधर,200,Jalandhar,जलंधर,16,Punjab,पंजाब
1116,4820,Longowal,लोंगोवाल,"1,610",Sangrur,संगरूर,201,Patiala,पटियाला,16,Punjab,पंजाब
1117,4776,Lout,गंवार,"1,609",Patiala,पटियाला,201,Patiala,पटियाला,16,Punjab,पंजाब
1118,4662,Ludhiana,लुधियाना,"1,603",Ludhiana,लुधियाना,201,Patiala,पटियाला,16,Punjab,पंजाब
1119,4663,Ludhiana(Mandi Gill Road),लुधियाना (मंडी गिल रोड),"1,603",Ludhiana,लुधियाना,201,Patiala,पटियाला,16,Punjab,पंजाब
1120,4664,Ludhiana(Salem Tabri),लुधियाना (सलेम टाबरी),"1,603",Ludhiana,लुधियाना,201,Patiala,पटियाला,16,Punjab,पंजाब
1121,4665,Machiwara,माछीवाड़ा,"1,603",Ludhiana,लुधियाना,201,Patiala,पटियाला,16,Punjab,पंजाब
1122,4695,Majitha,मजीठा,"1,605",Amritsar,अमृतसर,200,Jalandhar,जलंधर,16,Punjab,पंजाब
1123,4860,Makha,माखा,"1,613",Mansa,मानसा,203,Faridkot,फरीदकोट,16,Punjab,पंजाब
1124,4506,Makhu,मखू,"1,604",Ferozepur,फिरोजपुर,202,Ferozepur,फिरोजपुर,16,Punjab,पंजाब
1125,4666,Malaoud (Siar),मलौद (सियार),"1,603",Ludhiana,लुधियाना,201,Patiala,पटियाला,16,Punjab,पंजाब
1126,4821,Malerkotla,मलेरकोटला,"1,610",Sangrur,संगरूर,201,Patiala,पटियाला,16,Punjab,पंजाब
1127,4632,Malian Kalan,मालियां कलां,"1,602",Jalandhar,जलंधर,200,Jalandhar,जलंधर,16,Punjab,पंजाब
1128,4507,Mallanwala,मल्लांवाला,"1,604",Ferozepur,फिरोजपुर,202,Ferozepur,फिरोजपुर,16,Punjab,पंजाब
1129,4508,Mallanwala (Khosadalsinghwala),मल्लांवाला (खोसादलसिंहवाला),"1,604",Ferozepur,फिरोजपुर,202,Ferozepur,फिरोजपुर,16,Punjab,पंजाब
1130,4667,Maloud,मलौद,"1,603",Ludhiana,लुधियाना,201,Patiala,पटियाला,16,Punjab,पंजाब
1131,4552,Malout,मलोट,"1,617",Shri Mukatsar Sahib,श्री मुक्तसर साहिब,202,Ferozepur,फिरोजपुर,16,Punjab,पंजाब
1132,4553,Malout (Kilianwali),मलोट (किलियानवाली),"1,617",Shri Mukatsar Sahib,श्री मुक्तसर साहिब,202,Ferozepur,फिरोजपुर,16,Punjab,पंजाब
1133,4554,Malout (Panniwala),मलोट (पन्नीवाला),"1,617",Shri Mukatsar Sahib,श्री मुक्तसर साहिब,202,Ferozepur,फिरोजपुर,16,Punjab,पंजाब
1134,4509,Mamdot,ममदोट,"1,604",Ferozepur,फिरोजपुर,202,Ferozepur,फिरोजपुर,16,Punjab,पंजाब
1135,4510,Mamdot(Tibbi Khurd),ममदोट (टिब्बी खुर्द),"1,604",Ferozepur,फिरोजपुर,202,Ferozepur,फिरोजपुर,16,Punjab,पंजाब
1136,4750,Mandi Kalan,मंडी कलां,"1,608",Bhatinda,बठिंडा,203,Faridkot,फरीदकोट,16,Punjab,पंजाब
1137,4777,Mandour,मंदसौर,"1,609",Patiala,पटियाला,201,Patiala,पटियाला,16,Punjab,पंजाब
1138,4861,Mansa,मानसा,"1,613",Mansa,मानसा,203,Faridkot,फरीदकोट,16,Punjab,पंजाब
1139,4862,Mansa (Bhamekalan),मनसा (भामेकलां),"1,613",Mansa,मानसा,203,Faridkot,फरीदकोट,16,Punjab,पंजाब
1140,4863,Mansa (Khiala Kalan),मनसा (खियाला कलां),"1,613",Mansa,मानसा,203,Faridkot,फरीदकोट,16,Punjab,पंजाब
1141,4864,Mansa(Ubha Buraj Dhilwan),मानसा (उभा बुराज ढिलवां),"1,613",Mansa,मानसा,203,Faridkot,फरीदकोट,16,Punjab,पंजाब
1142,4668,Mansura,मनसुरा,"1,603",Ludhiana,लुधियाना,201,Patiala,पटियाला,16,Punjab,पंजाब
1143,4822,Manvi,मानवी,"1,610",Sangrur,संगरूर,201,Patiala,पटियाला,16,Punjab,पंजाब
1144,4715,Mari Buchain,मारी बुचैन,"1,606",Gurdaspur,गुरदासपुर,200,Jalandhar,जलंधर,16,Punjab,पंजाब
1145,4778,Marori,मरोरी,"1,609",Patiala,पटियाला,201,Patiala,पटियाला,16,Punjab,पंजाब
1146,4779,Maru,मारू,"1,609",Patiala,पटियाला,201,Patiala,पटियाला,16,Punjab,पंजाब
1147,4751,Maur,मौर,"1,608",Bhatinda,बठिंडा,203,Faridkot,फरीदकोट,16,Punjab,पंजाब
1148,4897,Maur Maqsudan,मौर मकसूदन,"1,619",Barnala,बरनाला,201,Patiala,पटियाला,16,Punjab,पंजाब
1149,4898,Mehalkalan,मेहल कलां,"1,619",Barnala,बरनाला,201,Patiala,पटियाला,16,Punjab,पंजाब
1150,4899,Mehal Kallan (Chananwal),मेहल कल्लन (चाननवाल),"1,619",Barnala,बरनाला,201,Patiala,पटियाला,16,Punjab,पंजाब
1151,4633,Mehatpur,मैहतपुर,"1,602",Jalandhar,जलंधर,200,Jalandhar,जलंधर,16,Punjab,पंजाब
1152,4634,Mehil Gehlan,मेहील गेहलां,"1,602",Jalandhar,जलंधर,200,Jalandhar,जलंधर,16,Punjab,पंजाब
1153,4696,Mehta,मेहता,"1,605",Amritsar,अमृतसर,200,Jalandhar,जलंधर,16,Punjab,पंजाब
1154,4879,Moga,मोगा,"1,616",Moga,मोगा,202,Ferozepur,फिरोजपुर,16,Punjab,पंजाब
1155,4880,Moga(Charik),मोगा (चारिक),"1,616",Moga,मोगा,202,Ferozepur,फिरोजपुर,16,Punjab,पंजाब
1156,4881,Moga(Khosa Pando),मोगा (खोसा पंडो),"1,616",Moga,मोगा,202,Ferozepur,फिरोजपुर,16,Punjab,पंजाब
1157,4882,Moga(Khukhrana),मोगा (खुखराना),"1,616",Moga,मोगा,202,Ferozepur,फिरोजपुर,16,Punjab,पंजाब
1158,4823,Moonak,मूनक,"1,610",Sangrur,संगरूर,201,Patiala,पटियाला,16,Punjab,पंजाब
1159,4523,Morinda,मोरिंडा,"1,611",Rupnagar,रूपनगर,204,Ropar,रोपड़,16,Punjab,पंजाब
1160,4603,Mukerian,मुकेरियां ,"1,601",Hoshiarpur,होशियारपुर,200,Jalandhar,जलंधर,16,Punjab,पंजाब
1161,4604,Mukerian(Talwara),मुकेरियां (तलवाड़ा),"1,601",Hoshiarpur,होशियारपुर,200,Jalandhar,जलंधर,16,Punjab,पंजाब
1162,4555,Shri Muktsar Sahib,मुक्तसर,"1,617",Shri Mukatsar Sahib,श्री मुक्तसर साहिब,202,Ferozepur,फिरोजपुर,16,Punjab,पंजाब
1163,4669,Mullanpur,मुल्लांपुर,"1,603",Ludhiana,लुधियाना,201,Patiala,पटियाला,16,Punjab,पंजाब
1164,4670,Mullanpur Dakha,मुल्लांपुर दाखा (सावदी),"1,603",Ludhiana,लुधियाना,201,Patiala,पटियाला,16,Punjab,पंजाब
1165,4780,Nabha,नाभा,"1,609",Patiala,पटियाला,201,Patiala,पटियाला,16,Punjab,पंजाब
1166,4824,Nagra,नागरा,"1,610",Sangrur,संगरूर,201,Patiala,पटियाला,16,Punjab,पंजाब
1167,4635,Nakodar,नकोदर ,"1,602",Jalandhar,जलंधर,200,Jalandhar,जलंधर,16,Punjab,पंजाब
1168,4636,Nakodar(Sarih),नकोदर (सरिह),"1,602",Jalandhar,जलंधर,200,Jalandhar,जलंधर,16,Punjab,पंजाब
1169,4825,Namol,नमोल,"1,610",Sangrur,संगरूर,201,Patiala,पटियाला,16,Punjab,पंजाब
1170,4906,Narot Jaimal Singh,नरोत जे सिंह,"1,622",Pathankot,पठानकोट,200,Jalandhar,जलंधर,16,Punjab,पंजाब
1171,4752,Nathana,नाथिया,"1,608",Bhatinda,बठिंडा,203,Faridkot,फरीदकोट,16,Punjab,पंजाब
1172,4572,Naushera Pannua (Dhotian),नौशेरा पन्नू (धोतियान),"1,620",Tarn Taran,तरनतारन,200,Jalandhar,जलंधर,16,Punjab,पंजाब
1173,4573,Naushera Pannuan,नौशेरा पन्नुन,"1,620",Tarn Taran,तरनतारन,200,Jalandhar,जलंधर,16,Punjab,पंजाब
1174,4584,Nawan Shahar(Mandi Aur),नवां शहर (मंडी और),"1,621",Shaheed Bhagat Singh Nagar,शहीद भगत सिंह नगर,204,Ropar,रोपड़,16,Punjab,पंजाब
1175,4585,Nawan Shahar(Mandi Jadla),नवां शहर (मंडी जाडला),"1,621",Shaheed Bhagat Singh Nagar,शहीद भगत सिंह नगर,204,Ropar,रोपड़,16,Punjab,पंजाब
1176,4586,Nawan Shahar(Mandiraho),नवां शहर (मंडीराहो),"1,621",Shaheed Bhagat Singh Nagar,शहीद भगत सिंह नगर,204,Ropar,रोपड़,16,Punjab,पंजाब
1177,4587,Nawan Shahar(Subzi Mandi),नवां शहर (सब्जी मंडी),"1,621",Shaheed Bhagat Singh Nagar,शहीद भगत सिंह नगर,204,Ropar,रोपड़,16,Punjab,पंजाब
1178,4588,Shaheed Bhagat Singh Nagar,नवांशहर,"1,621",Shaheed Bhagat Singh Nagar,शहीद भगत सिंह नगर,204,Ropar,रोपड़,16,Punjab,पंजाब
1179,4883,Nihal Singh Wala,निहाल सिंह वाला,"1,616",Moga,मोगा,202,Ferozepur,फिरोजपुर,16,Punjab,पंजाब
1180,4884,Nihal Singh Wala (Himmatpura),निहाल सिंह वाला (हिम्मतपुरा),"1,616",Moga,मोगा,202,Ferozepur,फिरोजपुर,16,Punjab,पंजाब
1181,4885,Nihal Singh Wala (Rautan),निहाल सिंह वाला (रौतन),"1,616",Moga,मोगा,202,Ferozepur,फिरोजपुर,16,Punjab,पंजाब
1182,4716,Noona,नूना,"1,606",Gurdaspur,गुरदासपुर,200,Jalandhar,जलंधर,16,Punjab,पंजाब
1183,4637,Noormehal,नूर मेहल,"1,602",Jalandhar,जलंधर,200,Jalandhar,जलंधर,16,Punjab,पंजाब
1184,4638,Noor Mehal(Kot Badal Khan),नूर मेहल (कोट बादल खान),"1,602",Jalandhar,जलंधर,200,Jalandhar,जलंधर,16,Punjab,पंजाब
1185,4671,Nurpurbet,नूरपुरबेट,"1,603",Ludhiana,लुधियाना,201,Patiala,पटियाला,16,Punjab,पंजाब
1186,4639,Partappura(E),परतप्पुरा (पूर्व),"1,602",Jalandhar,जलंधर,200,Jalandhar,जलंधर,16,Punjab,पंजाब
1187,4907,Pathankot,पठानकोट,"1,622",Pathankot,पठानकोट,200,Jalandhar,जलंधर,16,Punjab,पंजाब
1188,4908,Pathankot (Kanwa),पठानकोट (कानवा),"1,622",Pathankot,पठानकोट,200,Jalandhar,जलंधर,16,Punjab,पंजाब
1189,4781,Patiala,पटियाला,"1,609",Patiala,पटियाला,201,Patiala,पटियाला,16,Punjab,पंजाब
1190,4782,Patiala(Anaj Mandi Sanaur Road),पटियाला (अनाज मंडी सनौर रोड),"1,609",Patiala,पटियाला,201,Patiala,पटियाला,16,Punjab,पंजाब
1191,4783,Patiala(New Anaj Mandi),पटियाला (नई अनाज मंडी),"1,609",Patiala,पटियाला,201,Patiala,पटियाला,16,Punjab,पंजाब
1192,4784,Patran,पातड़ां,"1,609",Patiala,पटियाला,201,Patiala,पटियाला,16,Punjab,पंजाब
1193,4785,Patran(Ghagga Mandi),पातड़ां (घग्गा मंडी),"1,609",Patiala,पटियाला,201,Patiala,पटियाला,16,Punjab,पंजाब
1194,4574,Patti,पट्टी,"1,620",Tarn Taran,तरनतारन,200,Jalandhar,जलंधर,16,Punjab,पंजाब
1195,4672,Patti Multani,पट्टी मुल्तानी,"1,603",Ludhiana,लुधियाना,201,Patiala,पटियाला,16,Punjab,पंजाब
1196,4730,Phagwara,फगवाड़ा,"1,607",Kapurthala,कपूरथला,200,Jalandhar,जलंधर,16,Punjab,पंजाब
1197,4753,Phallarh,फल्ल्हार्ह,"1,608",Bhatinda,बठिंडा,203,Faridkot,फरीदकोट,16,Punjab,पंजाब
1198,4589,Phambra,फाम्बरा,"1,621",Shaheed Bhagat Singh Nagar,शहीद भगत सिंह नगर,204,Ropar,रोपड़,16,Punjab,पंजाब
1199,4640,Phillaur,फिल्लौर,"1,602",Jalandhar,जलंधर,200,Jalandhar,जलंधर,16,Punjab,पंजाब
1200,4641,Phillaur(Apra Mandi),फिल्लौर (अपरा मंडी),"1,602",Jalandhar,जलंधर,200,Jalandhar,जलंधर,16,Punjab,पंजाब
1201,4786,Pur,पुर,"1,609",Patiala,पटियाला,201,Patiala,पटियाला,16,Punjab,पंजाब
1202,4673,Purain,पुराईन,"1,603",Ludhiana,लुधियाना,201,Patiala,पटियाला,16,Punjab,पंजाब
1203,4717,Quadian,क्वाडियन,"1,606",Gurdaspur,गुरदासपुर,200,Jalandhar,जलंधर,16,Punjab,पंजाब
1204,4754,Raike Kalan,राइके कलां,"1,608",Bhatinda,बठिंडा,203,Faridkot,फरीदकोट,16,Punjab,पंजाब
1205,4674,Raikot,रायकोट,"1,603",Ludhiana,लुधियाना,201,Patiala,पटियाला,16,Punjab,पंजाब
1206,4675,Raikot (Nathowal),रायकोट (नाथोवाल),"1,603",Ludhiana,लुधियाना,201,Patiala,पटियाला,16,Punjab,पंजाब
1207,4676,Raikot (Talwandi Rai),रायकोट (तलवंडी राय),"1,603",Ludhiana,लुधियाना,201,Patiala,पटियाला,16,Punjab,पंजाब
1208,4787,Rajpura,राजपुरा,"1,609",Patiala,पटियाला,201,Patiala,पटियाला,16,Punjab,पंजाब
1209,4755,Raman,रमन,"1,608",Bhatinda,बठिंडा,203,Faridkot,फरीदकोट,16,Punjab,पंजाब
1210,4756,Rampuraphul,रामपुरा फूल,"1,608",Bhatinda,बठिंडा,203,Faridkot,फरीदकोट,16,Punjab,पंजाब
1211,4757,Rampuraphul(Bhai Rupan),रामपुराफूल (भाई रूपन),"1,608",Bhatinda,बठिंडा,203,Faridkot,फरीदकोट,16,Punjab,पंजाब
1212,4758,Rampuraphul(Chowke),रामपुराफूल (चौके),"1,608",Bhatinda,बठिंडा,203,Faridkot,फरीदकोट,16,Punjab,पंजाब
1213,4759,Rampuraphul(Dhapali),रामपुराफूल (धापली),"1,608",Bhatinda,बठिंडा,203,Faridkot,फरीदकोट,16,Punjab,पंजाब
1214,4760,Rampuraphul(Mehraj),रामपुराफूल (मेहराज),"1,608",Bhatinda,बठिंडा,203,Faridkot,फरीदकोट,16,Punjab,पंजाब
1215,4761,Rampuraphul(Nabha Mandi),रामपुराफूल (नाभा मंडी),"1,608",Bhatinda,बठिंडा,203,Faridkot,फरीदकोट,16,Punjab,पंजाब
1216,4697,Rayya,रया,"1,605",Amritsar,अमृतसर,200,Jalandhar,जलंधर,16,Punjab,पंजाब
1217,4698,Rayya(Sathiala),रय्या (सठियाला),"1,605",Amritsar,अमृतसर,200,Jalandhar,जलंधर,16,Punjab,पंजाब
1218,4865,Reon Kalan,रेओं कलां,"1,613",Mansa,मानसा,203,Faridkot,फरीदकोट,16,Punjab,पंजाब
1219,4524,Rupnagar,रोपड़,"1,611",Rupnagar,रूपनगर,204,Ropar,रोपड़,16,Punjab,पंजाब
1220,4841,Sadiq,सादिक,"1,612",Faridkot,फरीदकोट,203,Faridkot,फरीदकोट,16,Punjab,पंजाब
1221,4677,Sahnewal,साहनेवाल,"1,603",Ludhiana,लुधियाना,201,Patiala,पटियाला,16,Punjab,पंजाब
1222,4788,Samana,समाना,"1,609",Patiala,पटियाला,201,Patiala,पटियाला,16,Punjab,पंजाब
1223,4789,Samana(Gajewas),समाना (गजेवास),"1,609",Patiala,पटियाला,201,Patiala,पटियाला,16,Punjab,पंजाब
1224,4790,Samana(Kakrala),समाना (ककराला),"1,609",Patiala,पटियाला,201,Patiala,पटियाला,16,Punjab,पंजाब
1225,4678,Samrala,समराला,"1,603",Ludhiana,लुधियाना,201,Patiala,पटियाला,16,Punjab,पंजाब
1226,4826,Sandhaur,संदौर,"1,610",Sangrur,संगरूर,201,Patiala,पटियाला,16,Punjab,पंजाब
1227,4762,Sangat,संगत,"1,608",Bhatinda,बठिंडा,203,Faridkot,फरीदकोट,16,Punjab,पंजाब
1228,4642,Sangowal,संगोवाल,"1,602",Jalandhar,जलंधर,200,Jalandhar,जलंधर,16,Punjab,पंजाब
1229,4827,Sangrur,संगरूर,"1,610",Sangrur,संगरूर,201,Patiala,पटियाला,16,Punjab,पंजाब
1230,4763,Sardargarh,सरदारगढ़,"1,608",Bhatinda,बठिंडा,203,Faridkot,फरीदकोट,16,Punjab,पंजाब
1231,4866,Sardulgarh,सरदूलगढ़,"1,613",Mansa,मानसा,203,Faridkot,फरीदकोट,16,Punjab,पंजाब
1232,4643,Shahkot,शाहकोट,"1,602",Jalandhar,जलंधर,200,Jalandhar,जलंधर,16,Punjab,पंजाब
1233,4644,Shakot (Malsian),शाकोट (माल्सियन),"1,602",Jalandhar,जलंधर,200,Jalandhar,जलंधर,16,Punjab,पंजाब
1234,4828,Sherpur,शेरपुर,"1,610",Sangrur,संगरूर,201,Patiala,पटियाला,16,Punjab,पंजाब
1235,4679,Sidhwan Bett,सिधवां बेट,"1,603",Ludhiana,लुधियाना,201,Patiala,पटियाला,16,Punjab,पंजाब
1236,4680,Sidhwan Bet (Lodhiwala),सिधवान बेट (लोधीवाला),"1,603",Ludhiana,लुधियाना,201,Patiala,पटियाला,16,Punjab,पंजाब
1237,4537,Sirhind,सरहिंद,"1,614",Fatehgarh Sahib,फतेहगढ़ साहिब,201,Patiala,पटियाला,16,Punjab,पंजाब
1238,4718,Shri Hargobindpur,श्री हर गोबिंदपुर,"1,606",Gurdaspur,गुरदासपुर,200,Jalandhar,जलंधर,16,Punjab,पंजाब
1239,4719,Sri Har Gobindpur(Harechowal),श्री हर गोबिंदपुर (हरेचोवाल),"1,606",Gurdaspur,गुरदासपुर,200,Jalandhar,जलंधर,16,Punjab,पंजाब
1240,4829,Sulargharat,सुलरघराट,"1,610",Sangrur,संगरूर,201,Patiala,पटियाला,16,Punjab,पंजाब
1241,4731,Sultanpur,सुल्तानपुर,"1,607",Kapurthala,कपूरथला,200,Jalandhar,जलंधर,16,Punjab,पंजाब
1242,4732,Sultanpur Lodhi,सुल्तानपुर लोधी (टिब्बा),"1,607",Kapurthala,कपूरथला,200,Jalandhar,जलंधर,16,Punjab,पंजाब
1243,4830,Sunam,सुनाम,"1,610",Sangrur,संगरूर,201,Patiala,पटियाला,16,Punjab,पंजाब
1244,4511,Talwandi Bhai,तलवंडी भाई,"1,604",Ferozepur,फिरोजपुर,202,Ferozepur,फिरोजपुर,16,Punjab,पंजाब
1245,4512,Talwandi Bhai(Mudki),तलवंडी भाई (मुदकी),"1,604",Ferozepur,फिरोजपुर,202,Ferozepur,फिरोजपुर,16,Punjab,पंजाब
1246,4764,Talwandi Sabo,तलवंडी साबो,"1,608",Bhatinda,बठिंडा,203,Faridkot,फरीदकोट,16,Punjab,पंजाब
1247,4765,Talwandi Sabo(Kot Fatta),तलवंडी साबो (कोट फत्ता),"1,608",Bhatinda,बठिंडा,203,Faridkot,फरीदकोट,16,Punjab,पंजाब
1248,4766,Talwandi Sabo(Shekhupura),तलवंडी साबो (शेखूपुरा),"1,608",Bhatinda,बठिंडा,203,Faridkot,फरीदकोट,16,Punjab,पंजाब
1249,4645,Talwandi Sanghere,तलवंडी संघेरे,"1,602",Jalandhar,जलंधर,200,Jalandhar,जलंधर,16,Punjab,पंजाब
1250,4605,Tanda Urmar (Miani Mandi),टांडा उरमार (मियानी मंडी),"1,601",Hoshiarpur,होशियारपुर,200,Jalandhar,जलंधर,16,Punjab,पंजाब
1251,4606,Tanda Urmur,टांडा उरमूर,"1,601",Hoshiarpur,होशियारपुर,200,Jalandhar,जलंधर,16,Punjab,पंजाब
1252,4900,Tapa,तपा,"1,619",Barnala,बरनाला,201,Patiala,पटियाला,16,Punjab,पंजाब
1253,4901,Tapa(Sadar Bazar),तपा (सदर बाजार),"1,619",Barnala,बरनाला,201,Patiala,पटियाला,16,Punjab,पंजाब
1254,4902,Tapa(Tapa Mandi),तपा (तपा मंडी),"1,619",Barnala,बरनाला,201,Patiala,पटियाला,16,Punjab,पंजाब
1255,4575,Tarn Taran,तरनतारन ,"1,620",Tarn Taran,तरनतारन,200,Jalandhar,जलंधर,16,Punjab,पंजाब
1256,4767,Teoan Pujarian,तेओन पुजारी,"1,608",Bhatinda,बठिंडा,203,Faridkot,फरीदकोट,16,Punjab,पंजाब
1257,4867,Udat Bhagta Ram,उड़त भागता राम,"1,613",Mansa,मानसा,203,Faridkot,फरीदकोट,16,Punjab,पंजाब
1258,4720,Warsola,वारसोला,"1,606",Gurdaspur,गुरदासपुर,200,Jalandhar,जलंधर,16,Punjab,पंजाब
1259,4513,Zira,ज़ीरा,"1,604",Ferozepur,फिरोजपुर,202,Ferozepur,फिरोजपुर,16,Punjab,पंजाब
1260,4514,Arniwala,अमीनवाला,"1,604",Ferozepur,फिरोजपुर,202,Ferozepur,फिरोजपुर,16,Punjab,पंजाब
1261,4543,Mohali,मोहाली,"1,615",Sahibzada Ajit Singh Nagar,साहिबजादा अजीत सिंह नागर,204,Ropar,रोपड़,16,Punjab,पंजाब
1262,4515,Panje Ke Uttar,पंजे के उत्तर,"1,604",Ferozepur,फिरोजपुर,202,Ferozepur,फिरोजपुर,16,Punjab,पंजाब